{"stats":{"minecraft:crafted":{"minecraft:oak_planks":400,"minecraft:blaze_powder":44,"minecraft:slime_block":5,"minecraft:loom":1,"minecraft:diamond_shovel":10,"minecraft:cooked_mutton":54,"minecraft:shulker_box":6,"minecraft:iron_bars":16,"minecraft:deepslate_brick_stairs":308,"minecraft:glass":6,"minecraft:diamond_helmet":3,"minecraft:diamond_leggings":2,"minecraft:chest":17,"minecraft:netherite_helmet":1,"minecraft:netherite_upgrade_smithing_template":24,"minecraft:rail":16,"minecraft:ender_eye":17,"minecraft:cherry_fence":54,"minecraft:white_banner":1,"minecraft:glass_bottle":6,"minecraft:emerald":10,"minecraft:cooked_porkchop":95,"minecraft:diamond_axe":5,"minecraft:crafting_table":10,"minecraft:wooden_pickaxe":1,"minecraft:smithing_table":2,"minecraft:gold_block":15,"minecraft:paper":183,"minecraft:diamond_pickaxe":1,"minecraft:shield":3,"minecraft:stick":152,"minecraft:iron_ingot":220,"minecraft:iron_block":11,"minecraft:stone_sword":1,"minecraft:gold_ingot":167,"minecraft:deepslate_bricks":3068,"minecraft:shears":2,"minecraft:cherry_planks":276,"minecraft:wooden_sword":1,"minecraft:wind_charge":68,"minecraft:furnace":4,"minecraft:bone_meal":171,"minecraft:cherry_trapdoor":12,"minecraft:netherite_axe":1,"minecraft:diamond":9,"minecraft:netherite_leggings":1,"minecraft:deepslate_brick_wall":252,"minecraft:polished_deepslate":3068,"minecraft:ladder":6,"minecraft:stone_pickaxe":1,"minecraft:diamond_boots":3,"minecraft:minecart":1,"minecraft:wheat":900,"minecraft:cooked_beef":57,"minecraft:coal_block":19,"minecraft:red_dye":1,"minecraft:diamond_sword":2,"minecraft:deepslate_brick_slab":174,"minecraft:bucket":2,"minecraft:glowstone":39,"minecraft:enchanted_book":12,"minecraft:bread":300,"minecraft:air":0,"minecraft:blue_dye":1,"minecraft:oak_boat":1,"minecraft:golden_apple":3,"minecraft:wooden_axe":1,"minecraft:anvil":4,"minecraft:torch":208,"minecraft:diamond_chestplate":1,"minecraft:firework_rocket":276,"minecraft:ender_chest":2},"minecraft:used":{"minecraft:tuff_bricks":1,"minecraft:cherry_sapling":6,"minecraft:moss_carpet":3,"minecraft:poppy":2,"minecraft:ladder":7,"minecraft:elytra":50,"minecraft:chest":17,"minecraft:shield":151,"minecraft:nether_bricks":29,"minecraft:carrot":486,"minecraft:deepslate_brick_slab":135,"minecraft:tuff":45,"minecraft:obsidian":47,"minecraft:waxed_oxidized_copper":2,"minecraft:lava_bucket":11,"minecraft:waxed_oxidized_copper_grate":1,"minecraft:netherite_shovel":106,"minecraft:lantern":4,"minecraft:grass_block":1,"minecraft:warped_nylium":6,"minecraft:cherry_button":2,"minecraft:cherry_leaves":477,"minecraft:stone_bricks":3,"minecraft:ominous_bottle":4,"minecraft:oak_sapling":2,"minecraft:furnace":6,"minecraft:egg":1,"minecraft:deepslate_brick_wall":77,"minecraft:diamond_boots":7,"minecraft:diorite":3,"minecraft:end_stone_bricks":4,"minecraft:stone_pickaxe":30,"minecraft:oak_planks":143,"minecraft:ender_pearl":18,"minecraft:wooden_pickaxe":4,"minecraft:composter":2,"minecraft:diamond_axe":583,"minecraft:sugar_cane":126,"minecraft:white_wool":7,"minecraft:golden_apple":3,"minecraft:loom":2,"minecraft:blast_furnace":1,"minecraft:netherite_helmet":1,"minecraft:shears":476,"minecraft:end_stone":21,"minecraft:deepslate_brick_stairs":216,"minecraft:polished_tuff":1,"minecraft:redstone_torch":6,"minecraft:lever":3,"minecraft:firework_rocket":171,"minecraft:crying_obsidian":4,"minecraft:bread":104,"minecraft:lectern":102,"minecraft:gravel":8,"minecraft:diamond_sword":3073,"minecraft:wooden_sword":67,"minecraft:smithing_table":2,"minecraft:andesite":35,"minecraft:oak_boat":2,"minecraft:bone_meal":126,"minecraft:cherry_boat":3,"minecraft:purpur_block":1,"minecraft:netherite_sword":44,"minecraft:iron_bars":2,"minecraft:enchanting_table":2,"minecraft:stone_sword":38,"minecraft:flint_and_steel":4,"minecraft:ender_chest":1,"minecraft:netherrack":782,"minecraft:trial_key":11,"minecraft:torch":298,"minecraft:dirt":577,"minecraft:anvil":4,"minecraft:twisting_vines":1,"minecraft:diamond_helmet":7,"minecraft:shulker_box":62,"minecraft:granite":2,"minecraft:wooden_axe":39,"minecraft:chipped_anvil":1,"minecraft:cherry_slab":1,"minecraft:cherry_trapdoor":8,"minecraft:light_gray_wool":1,"minecraft:diamond_chestplate":51,"minecraft:basalt":65,"minecraft:glowstone":39,"minecraft:golden_carrot":38,"minecraft:beef":2,"minecraft:soul_soil":7,"minecraft:netherite_pickaxe":1,"minecraft:minecart":1,"minecraft:cooked_beef":44,"minecraft:cobbled_deepslate":50,"minecraft:cherry_fence":53,"minecraft:cherry_log":1,"minecraft:golden_axe":3,"minecraft:cooked_mutton":60,"minecraft:water_bucket":191,"minecraft:amethyst_block":4,"minecraft:glass_bottle":6,"minecraft:cherry_planks":164,"minecraft:cobblestone_slab":3,"minecraft:deepslate_bricks":1620,"minecraft:rail":5,"minecraft:crafting_table":13,"minecraft:white_bed":1,"minecraft:smoker":1,"minecraft:oak_log":2,"minecraft:ender_eye":11,"minecraft:diamond_pickaxe":7893,"minecraft:apple":2,"minecraft:diamond_shovel":7763,"minecraft:ominous_trial_key":5,"minecraft:cracked_polished_blackstone_bricks":5,"minecraft:wind_charge":15,"minecraft:netherite_axe":83,"minecraft:pink_petals":2,"minecraft:cobblestone":169,"minecraft:potion":8,"minecraft:porkchop":9,"minecraft:white_banner":1,"minecraft:cooked_porkchop":73,"minecraft:bucket":204,"minecraft:gray_wool":1,"minecraft:stripped_oak_log":1,"minecraft:dandelion":1,"minecraft:splash_potion":5,"minecraft:diamond_leggings":4},"minecraft:picked_up":{"minecraft:shulker_shell":47,"minecraft:iron_chestplate":3,"minecraft:wheat":9,"minecraft:nether_brick_fence":1,"minecraft:diamond_sword":16,"minecraft:potion":16,"minecraft:enchanted_book":7,"minecraft:golden_sword":3,"minecraft:amethyst_block":132,"minecraft:polished_blackstone_brick_stairs":1,"minecraft:string":375,"minecraft:soul_soil":12,"minecraft:cherry_boat":3,"minecraft:diamond_leggings":9,"minecraft:gold_nugget":9,"minecraft:cobbled_deepslate":3588,"minecraft:bucket":1,"minecraft:eye_armor_trim_smithing_template":1,"minecraft:trial_key":28,"minecraft:redstone_torch":7,"minecraft:cobblestone_slab":7,"minecraft:calcite":16,"minecraft:netherite_upgrade_smithing_template":3,"minecraft:enchanted_golden_apple":4,"minecraft:coal_block":11,"minecraft:furnace":2,"minecraft:tipped_arrow":46,"minecraft:golden_helmet":1,"minecraft:stick":25,"minecraft:deepslate_brick_wall":66,"minecraft:composter":4,"minecraft:torch":169,"minecraft:purpur_pillar":5,"minecraft:porkchop":174,"minecraft:golden_axe":1,"minecraft:cherry_log":151,"minecraft:diorite":90,"minecraft:golden_chestplate":2,"minecraft:black_dye":1,"minecraft:stone_sword":5,"minecraft:rotten_flesh":215,"minecraft:honey_bottle":7,"minecraft:iron_block":1,"minecraft:blaze_rod":28,"minecraft:deepslate_brick_stairs":44,"minecraft:obsidian":176,"minecraft:iron_bars":1,"minecraft:blaze_powder":1,"minecraft:cobblestone":589,"minecraft:enchanting_table":1,"minecraft:pink_petals":48,"minecraft:feather":2,"minecraft:cooked_beef":55,"minecraft:magma_cream":1,"minecraft:cherry_planks":143,"minecraft:cherry_leaves":461,"minecraft:water_bucket":9,"minecraft:andesite":86,"minecraft:brown_wool":1,"minecraft:golden_leggings":2,"minecraft:potato":3,"minecraft:flint":4,"minecraft:tuff":311,"minecraft:wither_skeleton_skull":1,"minecraft:lapis_lazuli":511,"minecraft:dirt":7889,"minecraft:lantern":7,"minecraft:name_tag":1,"minecraft:twisting_vines":4,"minecraft:bone":254,"minecraft:chipped_anvil":1,"minecraft:bow":7,"minecraft:wheat_seeds":82,"minecraft:deepslate_brick_slab":10,"minecraft:raw_gold":63,"minecraft:cobbled_deepslate_slab":1,"minecraft:bolt_armor_trim_smithing_template":3,"minecraft:diamond_helmet":9,"minecraft:mossy_stone_bricks":4,"minecraft:glowstone_dust":89,"minecraft:oak_planks":173,"minecraft:scrape_pottery_sherd":4,"minecraft:cooked_porkchop":197,"minecraft:sand":56,"minecraft:ink_sac":1,"minecraft:grass_block":1,"minecraft:loom":1,"minecraft:fermented_spider_eye":2,"minecraft:diamond_block":1,"minecraft:shulker_box":64,"minecraft:sugar":1,"minecraft:diamond":761,"minecraft:slime_block":5,"minecraft:lever":3,"minecraft:waxed_oxidized_copper_grate":12,"minecraft:cracked_polished_blackstone_bricks":12,"minecraft:granite":52,"minecraft:crossbow":2,"minecraft:breeze_rod":50,"minecraft:bone_meal":108,"minecraft:golden_apple":4,"minecraft:emerald":385,"minecraft:bread":87,"minecraft:music_disc_precipice":1,"minecraft:oak_sapling":9,"minecraft:cherry_slab":43,"minecraft:netherrack":1083,"minecraft:ominous_trial_key":10,"minecraft:diamond_pickaxe":15,"minecraft:end_stone_bricks":17,"minecraft:waxed_oxidized_cut_copper":1,"minecraft:crafting_table":7,"minecraft:ominous_bottle":4,"minecraft:splash_potion":4,"minecraft:chicken":2,"minecraft:ladder":5,"minecraft:wooden_pickaxe":1,"minecraft:gold_block":20,"minecraft:dragon_head":1,"minecraft:purpur_block":24,"minecraft:brick":95,"minecraft:shield":12,"minecraft:wind_charge":95,"minecraft:cornflower":1,"minecraft:moss_carpet":12,"minecraft:elytra":17,"minecraft:flow_banner_pattern":8,"minecraft:iron_axe":2,"minecraft:flint_and_steel":1,"minecraft:blackstone":168,"minecraft:cracked_stone_bricks":1,"minecraft:beef":62,"minecraft:oak_boat":4,"minecraft:poppy":5,"minecraft:light_gray_wool":1,"minecraft:lectern":102,"minecraft:guster_pottery_sherd":5,"minecraft:sugar_cane":310,"minecraft:chest":6,"minecraft:cherry_button":2,"minecraft:phantom_membrane":7,"minecraft:waxed_oxidized_copper":3,"minecraft:egg":3,"minecraft:raw_iron":248,"minecraft:end_stone":224,"minecraft:copper_ingot":3,"minecraft:fire_charge":1,"minecraft:polished_blackstone_bricks":15,"minecraft:flow_pottery_sherd":1,"minecraft:trident":1,"minecraft:carrot":2827,"minecraft:redstone":314,"minecraft:arrow":212,"minecraft:diamond_chestplate":16,"minecraft:decorated_pot":2,"minecraft:golden_hoe":1,"minecraft:nether_bricks":34,"minecraft:deepslate_bricks":279,"minecraft:diamond_boots":11,"minecraft:hay_block":125,"minecraft:gold_ingot":1,"minecraft:tuff_bricks":3,"minecraft:mutton":139,"minecraft:rail":5,"minecraft:white_wool":50,"minecraft:bone_block":18,"minecraft:oxeye_daisy":2,"minecraft:stripped_oak_log":4,"minecraft:basalt":190,"minecraft:golden_carrot":40,"minecraft:leather":16,"minecraft:filled_map":2,"minecraft:lily_pad":2,"minecraft:purpur_stairs":2,"minecraft:waxed_copper_block":1,"minecraft:oak_log":239,"minecraft:chainmail_chestplate":2,"minecraft:golden_boots":5,"minecraft:gunpowder":90,"minecraft:white_banner":1,"minecraft:cooked_mutton":160,"minecraft:apple":4,"minecraft:stone_bricks":4,"minecraft:iron_ingot":233,"minecraft:stone_pickaxe":1,"minecraft:cooked_chicken":5,"minecraft:glass_bottle":1,"minecraft:iron_sword":1,"minecraft:book":493,"minecraft:warped_fungus":1,"minecraft:smooth_basalt":11,"minecraft:emerald_block":5,"minecraft:quartz":42,"minecraft:dandelion":22,"minecraft:dripstone_block":2,"minecraft:gravel":25,"minecraft:amethyst_shard":14,"minecraft:blast_furnace":1,"minecraft:white_bed":1,"minecraft:crying_obsidian":20,"minecraft:polished_tuff":3,"minecraft:spider_eye":92,"minecraft:firework_rocket":57,"minecraft:diamond_shovel":5,"minecraft:slime_ball":77,"minecraft:diamond_axe":7,"minecraft:cherry_sapling":5,"minecraft:gray_wool":5,"minecraft:warped_roots":14,"minecraft:baked_potato":95,"minecraft:black_wool":5,"minecraft:warped_nylium":8,"minecraft:coal":471,"minecraft:ender_pearl":1058},"minecraft:custom":{"minecraft:interact_with_crafting_table":127,"minecraft:open_barrel":7,"minecraft:open_shulker_box":221,"minecraft:bell_ring":3,"minecraft:leave_game":48,"minecraft:time_since_death":694844,"minecraft:sprint_one_cm":3733846,"minecraft:damage_blocked_by_shield":7445,"minecraft:drop":1665,"minecraft:talked_to_villager":144,"minecraft:play_time":1571899,"minecraft:deaths":6,"minecraft:jump":21398,"minecraft:interact_with_brewingstand":28,"minecraft:walk_on_water_one_cm":105906,"minecraft:enchant_item":29,"minecraft:interact_with_furnace":67,"minecraft:traded_with_villager":13,"minecraft:interact_with_loom":6,"minecraft:sleep_in_bed":19,"minecraft:open_enderchest":98,"minecraft:damage_dealt":190462,"minecraft:player_kills":2,"minecraft:crouch_one_cm":254927,"minecraft:interact_with_smoker":27,"minecraft:inspect_dispenser":4,"minecraft:interact_with_smithing_table":14,"minecraft:mob_kills":2246,"minecraft:interact_with_anvil":58,"minecraft:inspect_hopper":12,"minecraft:climb_one_cm":25133,"minecraft:walk_one_cm":3558952,"minecraft:sneak_time":62582,"minecraft:walk_under_water_one_cm":114540,"minecraft:boat_one_cm":139561,"minecraft:interact_with_blast_furnace":24,"minecraft:total_world_time":1571899,"minecraft:time_since_rest":14329,"minecraft:damage_taken":24044,"minecraft:damage_absorbed":119,"minecraft:swim_one_cm":179343,"minecraft:fly_one_cm":5386959,"minecraft:open_chest":774,"minecraft:aviate_one_cm":11028879,"minecraft:fall_one_cm":539500},"minecraft:broken":{"minecraft:shears":2,"minecraft:wooden_sword":1,"minecraft:wooden_axe":1,"minecraft:shield":1},"minecraft:mined":{"minecraft:dragon_wall_head":1,"minecraft:white_bed":1,"minecraft:cherry_log":59,"minecraft:obsidian":64,"minecraft:granite":55,"minecraft:budding_amethyst":14,"minecraft:grass_block":2739,"minecraft:cracked_polished_blackstone_bricks":13,"minecraft:soul_soil":12,"minecraft:deepslate_bricks":149,"minecraft:composter":2,"minecraft:tuff_bricks":4,"minecraft:spawner":3,"minecraft:polished_blackstone_bricks":16,"minecraft:tall_seagrass":1,"minecraft:magma_block":1,"minecraft:glowstone":25,"minecraft:iron_ore":95,"minecraft:cobbled_deepslate":36,"minecraft:fire":72,"minecraft:polished_tuff":3,"minecraft:moss_carpet":1,"minecraft:deepslate_lapis_ore":14,"minecraft:enchanting_table":1,"minecraft:twisting_vines":1,"minecraft:dirt_path":151,"minecraft:iron_bars":1,"minecraft:deepslate_brick_stairs":48,"minecraft:end_stone_bricks":19,"minecraft:white_banner":1,"minecraft:tripwire":1,"minecraft:deepslate_redstone_ore":33,"minecraft:blackstone":176,"minecraft:twisting_vines_plant":1,"minecraft:deepslate_brick_wall":3,"minecraft:amethyst_cluster":1,"minecraft:purpur_stairs":1,"minecraft:torch":30,"minecraft:blast_furnace":1,"minecraft:calcite":17,"minecraft:poppy":1,"minecraft:chest":5,"minecraft:nether_quartz_ore":24,"minecraft:cobblestone":34,"minecraft:sugar_cane":174,"minecraft:oak_planks":20,"minecraft:wall_torch":47,"minecraft:amethyst_block":133,"minecraft:pink_petals":1,"minecraft:warped_nylium":20,"minecraft:waxed_copper_block":1,"minecraft:purpur_block":24,"minecraft:oak_log":202,"minecraft:waxed_oxidized_copper":3,"minecraft:sand":13,"minecraft:dirt":4893,"minecraft:smooth_basalt":11,"minecraft:netherrack":1016,"minecraft:oak_leaves":11,"minecraft:deepslate":2998,"minecraft:crying_obsidian":8,"minecraft:tuff":226,"minecraft:deepslate_diamond_ore":236,"minecraft:end_stone":370,"minecraft:shulker_box":60,"minecraft:nether_bricks":44,"minecraft:lever":3,"minecraft:ladder":4,"minecraft:cobbled_deepslate_slab":1,"minecraft:decorated_pot":28,"minecraft:hay_block":101,"minecraft:deepslate_brick_slab":9,"minecraft:waxed_oxidized_cut_copper":1,"minecraft:furnace":1,"minecraft:carrots":541,"minecraft:andesite":86,"minecraft:gold_block":20,"minecraft:nether_brick_fence":1,"minecraft:bookshelf":148,"minecraft:deepslate_iron_ore":38,"minecraft:cobblestone_slab":8,"minecraft:rail":5,"minecraft:lantern":4,"minecraft:stripped_oak_log":3,"minecraft:packed_ice":1,"minecraft:stone":517,"minecraft:bone_block":17,"minecraft:ender_chest":9,"minecraft:cherry_planks":87,"minecraft:magenta_stained_glass":1,"minecraft:basalt":170,"minecraft:dandelion":1,"minecraft:crafting_table":5,"minecraft:cornflower":1,"minecraft:short_grass":86,"minecraft:lectern":102,"minecraft:purpur_pillar":5,"minecraft:tall_grass":16,"minecraft:deepslate_gold_ore":24,"minecraft:lapis_ore":4,"minecraft:polished_blackstone_brick_stairs":1,"minecraft:diorite":93,"minecraft:waxed_oxidized_copper_grate":12,"minecraft:redstone_torch":6,"minecraft:coal_ore":275,"minecraft:cherry_leaves":485,"minecraft:gravel":28,"minecraft:dripstone_block":7,"minecraft:cobweb":18,"minecraft:stone_bricks":3,"minecraft:chipped_anvil":1,"minecraft:mossy_stone_bricks":1,"minecraft:gold_ore":4},"minecraft:killed_by":{"minecraft:creeper":2,"minecraft:zombie":1},"minecraft:killed":{"minecraft:zombified_piglin":32,"minecraft:witch":4,"minecraft:spider":172,"minecraft:shulker":83,"minecraft:skeleton":101,"minecraft:chicken":3,"minecraft:silverfish":38,"minecraft:piglin_brute":3,"minecraft:magma_cube":19,"minecraft:piglin":6,"minecraft:pig":42,"minecraft:zombie_villager":4,"minecraft:ender_dragon":1,"minecraft:creeper":40,"minecraft:sheep":51,"minecraft:zombie":133,"minecraft:blaze":74,"minecraft:cow":25,"minecraft:slime":104,"minecraft:phantom":5,"minecraft:drowned":15,"minecraft:squid":1,"minecraft:breeze":23,"minecraft:wither_skeleton":33,"minecraft:villager":2,"minecraft:enderman":1206},"minecraft:dropped":{"minecraft:iron_sword":1,"minecraft:diamond_axe":1,"minecraft:lapis_lazuli":266,"minecraft:warped_fungus":1,"minecraft:cooked_beef":28,"minecraft:oak_log":37,"minecraft:ender_pearl":1010,"minecraft:glass_bottle":11,"minecraft:diamond":37,"minecraft:crafting_table":1,"minecraft:cooked_porkchop":60,"minecraft:decorated_pot":2,"minecraft:crossbow":1,"minecraft:netherite_upgrade_smithing_template":7,"minecraft:warped_roots":14,"minecraft:leather":16,"minecraft:cracked_stone_bricks":1,"minecraft:purpur_stairs":2,"minecraft:elytra":12,"minecraft:rail":16,"minecraft:emerald":39,"minecraft:flint":3,"minecraft:cracked_polished_blackstone_bricks":7,"minecraft:dirt":252,"minecraft:polished_blackstone_brick_stairs":1,"minecraft:cherry_trapdoor":4,"minecraft:mutton":19,"minecraft:scrape_pottery_sherd":4,"minecraft:gold_nugget":6,"minecraft:wooden_sword":1,"minecraft:amethyst_shard":4,"minecraft:bone_meal":45,"minecraft:polished_blackstone_bricks":15,"minecraft:sugar":1,"minecraft:white_wool":32,"minecraft:gold_ingot":2,"minecraft:blackstone":2,"minecraft:bone":111,"minecraft:waxed_cut_copper_slab":1,"minecraft:gravel":17,"minecraft:stone_axe":3,"minecraft:purpur_block":1,"minecraft:sugar_cane":1,"minecraft:cooked_chicken":3,"minecraft:golden_chestplate":2,"minecraft:cobbled_deepslate":18,"minecraft:twisting_vines":3,"minecraft:wheat":9,"minecraft:obsidian":13,"minecraft:deepslate_brick_slab":67,"minecraft:oak_planks":86,"minecraft:rotten_flesh":197,"minecraft:enchanted_golden_apple":1,"minecraft:diamond_shovel":2,"minecraft:end_stone":33,"minecraft:glowstone_dust":3,"minecraft:honey_bottle":4,"minecraft:white_bed":1,"minecraft:waxed_copper_block":1,"minecraft:carrot":1573,"minecraft:chainmail_chestplate":1,"minecraft:poppy":3,"minecraft:tipped_arrow":32,"minecraft:trident":1,"minecraft:gunpowder":5,"minecraft:ladder":4,"minecraft:netherrack":52,"minecraft:iron_bars":14,"minecraft:arrow":139,"minecraft:basalt":119,"minecraft:end_stone_bricks":3,"minecraft:firework_rocket":60,"minecraft:beef":2,"minecraft:quartz":42,"minecraft:enchanted_book":7,"minecraft:egg":1,"minecraft:cherry_fence":1,"minecraft:bread":171,"minecraft:iron_ingot":163,"minecraft:stone_hoe":1,"minecraft:water_bucket":3,"minecraft:golden_boots":5,"minecraft:wheat_seeds":40,"minecraft:golden_helmet":1,"minecraft:deepslate_brick_wall":241,"minecraft:dripstone_block":2,"minecraft:feather":1,"minecraft:diamond_leggings":3,"minecraft:book":403,"minecraft:cobblestone":302,"minecraft:apple":3,"minecraft:polished_tuff":2,"minecraft:amethyst_block":4,"minecraft:granite":50,"minecraft:copper_ingot":3,"minecraft:ominous_trial_key":5,"minecraft:coal":9,"minecraft:stick":22,"minecraft:oxeye_daisy":2,"minecraft:deepslate_brick_stairs":1,"minecraft:gray_wool":2,"minecraft:diorite":87,"minecraft:golden_carrot":14,"minecraft:torch":2,"minecraft:wooden_axe":1,"minecraft:cherry_planks":2,"minecraft:diamond_helmet":3,"minecraft:waxed_oxidized_copper":1,"minecraft:fire_charge":1,"minecraft:iron_axe":2,"minecraft:red_dye":1,"minecraft:golden_hoe":1,"minecraft:flow_banner_pattern":1,"minecraft:smooth_basalt":11,"minecraft:paper":57,"minecraft:string":257,"minecraft:lily_pad":2,"minecraft:pink_petals":49,"minecraft:bucket":1,"minecraft:dandelion":18,"minecraft:redstone":39,"minecraft:moss_carpet":9,"minecraft:tuff_bricks":2,"minecraft:soul_soil":5,"minecraft:flow_pottery_sherd":1,"minecraft:netherite_ingot":3,"minecraft:stone_sword":4,"minecraft:blaze_rod":12,"minecraft:tuff":266,"minecraft:cobbled_deepslate_slab":1,"minecraft:nether_bricks":1,"minecraft:shulker_box":3,"minecraft:flint_and_steel":1,"minecraft:deepslate_bricks":541,"minecraft:diamond_sword":9,"minecraft:potato":1,"minecraft:cobblestone_slab":1,"minecraft:shield":2,"minecraft:trial_key":11,"minecraft:diamond_chestplate":4,"minecraft:diamond_pickaxe":6,"minecraft:iron_chestplate":2,"minecraft:andesite":50,"minecraft:mossy_stone_bricks":4,"minecraft:golden_leggings":2,"minecraft:oak_boat":2,"minecraft:oak_sapling":7,"minecraft:waxed_oxidized_cut_copper":1,"minecraft:wooden_shovel":1,"minecraft:golden_sword":2,"minecraft:redstone_torch":1,"minecraft:stone_bricks":1,"minecraft:spider_eye":62,"minecraft:diamond_boots":3,"minecraft:bow":6,"minecraft:stone_pickaxe":3,"minecraft:wooden_pickaxe":2,"minecraft:magma_cream":1,"minecraft:calcite":16,"minecraft:black_wool":2,"minecraft:waxed_oxidized_copper_grate":11,"minecraft:guster_pottery_sherd":5,"minecraft:brick":95}},"DataVersion":3953}