{"stats":{"minecraft:used":{"minecraft:stone_sword":6,"minecraft:stone_pickaxe":70,"minecraft:spruce_planks":6,"minecraft:wooden_pickaxe":3,"minecraft:torch":9,"minecraft:dirt":4,"minecraft:white_carpet":4,"minecraft:crafting_table":5,"minecraft:wooden_axe":55,"minecraft:bread":16,"minecraft:spruce_button":1,"minecraft:stone_axe":1,"minecraft:wooden_sword":15,"minecraft:cobblestone":31,"minecraft:cooked_porkchop":2,"alexsmobs:animal_dictionary":1},"minecraft:mined":{"minecraft:red_bed":2,"minecraft:crafting_table":4,"projectvibrantjourneys:twigs":2,"minecraft:grass_block":2,"minecraft:cobblestone":3,"minecraft:spruce_leaves":8,"minecraft:wall_torch":3,"minecraft:fire":1,"minecraft:redstone_torch":2,"minecraft:ice":1,"projectvibrantjourneys:orange_bark_mushroom":1,"minecraft:white_carpet":3,"minecraft:spruce_log":64,"minecraft:grass":2,"minecraft:coal_ore":31,"projectvibrantjourneys:short_grass":2,"minecraft:dirt":3,"projectvibrantjourneys:ice_chunks":2,"minecraft:stone":37},"minecraft:killed":{"minecraft:pig":4,"minecraft:zombie":1},"minecraft:picked_up":{"minecraft:wooden_axe":3,"minecraft:crafting_table":9,"minecraft:dirt":9,"minecraft:red_bed":1,"minecraft:white_carpet":9,"minecraft:spruce_planks":230,"minecraft:stone_pickaxe":4,"minecraft:redstone_torch":2,"projectvibrantjourneys:light_brown_bark_mushroom":2,"minecraft:stick":24,"projectvibrantjourneys:bark_mushroom":1,"minecraft:torch":23,"minecraft:porkchop":23,"pointblank:gunmetal_nugget":5,"minecraft:spruce_sapling":7,"minecraft:spruce_log":107,"minecraft:stone_sword":1,"minecraft:rotten_flesh":2,"projectvibrantjourneys:orange_bark_mushroom":4,"minecraft:coal":114,"minecraft:snowball":10,"minecraft:cobblestone":80},"minecraft:dropped":{"minecraft:stone_sword":1,"projectvibrantjourneys:orange_bark_mushroom":4,"minecraft:stick":1,"projectvibrantjourneys:light_brown_bark_mushroom":2,"minecraft:wooden_axe":1,"minecraft:wooden_sword":1,"minecraft:wooden_pickaxe":1,"projectvibrantjourneys:bark_mushroom":1,"minecraft:spruce_sapling":2},"minecraft:custom":{"minecraft:interact_with_furnace":6,"minecraft:mob_kills":7,"minecraft:interact_with_crafting_table":15,"minecraft:leave_game":2,"minecraft:time_since_death":16696,"minecraft:sleep_in_bed":3,"minecraft:time_since_rest":14907,"minecraft:sprint_one_cm":189814,"minecraft:damage_taken":2355,"minecraft:walk_one_cm":153968,"minecraft:drop":12,"minecraft:damage_dealt":1071,"minecraft:swim_one_cm":7056,"minecraft:fly_one_cm":333292,"minecraft:open_chest":5,"minecraft:crouch_one_cm":5145,"minecraft:play_time":69725,"minecraft:deaths":6,"minecraft:sneak_time":1966,"minecraft:walk_under_water_one_cm":176,"minecraft:jump":1262,"minecraft:walk_on_water_one_cm":1625,"minecraft:total_world_time":69725,"minecraft:fall_one_cm":31969},"minecraft:killed_by":{"minecraft:stray":1,"alexsmobs:tusklin":4},"minecraft:crafted":{"minecraft:cooked_porkchop":6,"minecraft:crafting_table":2,"minecraft:spruce_planks":168,"minecraft:spruce_button":1,"minecraft:wooden_pickaxe":1,"minecraft:stone_axe":1,"minecraft:air":0,"minecraft:stick":24,"minecraft:stone_pickaxe":2,"minecraft:wooden_axe":3,"minecraft:stone_sword":1,"minecraft:torch":32}},"DataVersion":3465}