{"stats":{"minecraft:used":{"minecraft:wooden_axe":7,"minecraft:stone_sword":6,"minecraft:stone_pickaxe":24,"minecraft:bread":16,"minecraft:wooden_pickaxe":3,"minecraft:torch":4,"minecraft:stone_axe":1,"minecraft:wooden_sword":15,"minecraft:cobblestone":3,"minecraft:white_carpet":2,"minecraft:crafting_table":2,"alexsmobs:animal_dictionary":1},"minecraft:mined":{"minecraft:red_bed":1,"minecraft:redstone_torch":1,"minecraft:fire":1,"minecraft:white_carpet":2,"minecraft:spruce_log":10,"minecraft:crafting_table":2,"minecraft:grass":2,"projectvibrantjourneys:twigs":2,"minecraft:coal_ore":9,"projectvibrantjourneys:short_grass":2,"minecraft:dirt":1,"minecraft:cobblestone":3,"minecraft:spruce_leaves":1,"minecraft:stone":13,"minecraft:wall_torch":1},"minecraft:killed":{"minecraft:zombie":1,"minecraft:pig":4},"minecraft:picked_up":{"projectvibrantjourneys:light_brown_bark_mushroom":1,"minecraft:stick":2,"minecraft:crafting_table":2,"minecraft:torch":1,"minecraft:porkchop":11,"pointblank:gunmetal_nugget":5,"minecraft:spruce_log":9,"minecraft:white_carpet":2,"minecraft:stone_sword":1,"minecraft:rotten_flesh":2,"minecraft:redstone_torch":1,"minecraft:coal":9,"minecraft:cobblestone":16},"minecraft:dropped":{"projectvibrantjourneys:light_brown_bark_mushroom":1,"minecraft:stone_sword":1,"minecraft:wooden_axe":1,"minecraft:wooden_sword":1,"minecraft:wooden_pickaxe":1},"minecraft:custom":{"minecraft:time_since_rest":355,"minecraft:interact_with_furnace":1,"minecraft:sprint_one_cm":83603,"minecraft:damage_taken":822,"minecraft:walk_one_cm":56752,"minecraft:mob_kills":7,"minecraft:drop":5,"minecraft:damage_dealt":813,"minecraft:swim_one_cm":2629,"minecraft:interact_with_crafting_table":6,"minecraft:fly_one_cm":151868,"minecraft:open_chest":5,"minecraft:crouch_one_cm":871,"minecraft:play_time":28036,"minecraft:deaths":1,"minecraft:sneak_time":587,"minecraft:walk_under_water_one_cm":88,"minecraft:jump":559,"minecraft:leave_game":1,"minecraft:time_since_death":329,"minecraft:walk_on_water_one_cm":285,"minecraft:sleep_in_bed":1,"minecraft:total_world_time":28036,"minecraft:fall_one_cm":18811},"minecraft:crafted":{"minecraft:crafting_table":1,"minecraft:spruce_planks":36,"minecraft:stick":12,"minecraft:wooden_pickaxe":1,"minecraft:stone_pickaxe":1,"minecraft:wooden_axe":1,"minecraft:stone_sword":1,"minecraft:torch":12,"minecraft:stone_axe":1}},"DataVersion":3465}