{"stats":{"minecraft:used":{"minecraft:stone_sword":6,"minecraft:stone_pickaxe":98,"minecraft:spruce_planks":14,"minecraft:wooden_pickaxe":11,"minecraft:torch":9,"minecraft:dirt":4,"minecraft:white_carpet":4,"minecraft:crafting_table":7,"minecraft:red_bed":1,"minecraft:wooden_axe":75,"minecraft:bread":16,"minecraft:spruce_button":1,"minecraft:stone_axe":2,"minecraft:wooden_sword":15,"minecraft:cobblestone":31,"minecraft:cooked_porkchop":5,"alexsmobs:animal_dictionary":1},"minecraft:mined":{"minecraft:spruce_planks":2,"minecraft:red_bed":2,"minecraft:crafting_table":5,"projectvibrantjourneys:twigs":2,"minecraft:grass_block":2,"minecraft:cobblestone":3,"minecraft:spruce_leaves":8,"minecraft:wall_torch":3,"minecraft:redstone_torch":2,"minecraft:fire":1,"minecraft:ice":1,"minecraft:white_carpet":3,"minecraft:spruce_log":64,"projectvibrantjourneys:orange_bark_mushroom":1,"minecraft:grass":3,"minecraft:coal_ore":31,"projectvibrantjourneys:short_grass":2,"minecraft:dirt":3,"projectvibrantjourneys:ice_chunks":2,"minecraft:stone":73},"minecraft:killed":{"minecraft:pig":4,"hordes:zombie_player":3,"minecraft:zombie":4},"minecraft:picked_up":{"minecraft:wooden_axe":5,"minecraft:crafting_table":10,"minecraft:wooden_pickaxe":1,"minecraft:dirt":9,"minecraft:red_bed":2,"minecraft:white_carpet":9,"minecraft:bone":2,"minecraft:spruce_planks":532,"minecraft:stone_pickaxe":4,"minecraft:redstone_torch":2,"projectvibrantjourneys:light_brown_bark_mushroom":2,"minecraft:stick":28,"minecraft:cooked_porkchop":5,"projectvibrantjourneys:bark_mushroom":1,"minecraft:torch":57,"minecraft:porkchop":23,"pointblank:gunmetal_nugget":5,"minecraft:spruce_sapling":7,"minecraft:spruce_log":138,"minecraft:stone_sword":1,"minecraft:rotten_flesh":6,"projectvibrantjourneys:orange_bark_mushroom":4,"minecraft:coal":114,"minecraft:snowball":10,"minecraft:cobblestone":116},"minecraft:dropped":{"minecraft:stone_sword":1,"minecraft:rotten_flesh":2,"projectvibrantjourneys:orange_bark_mushroom":4,"minecraft:stick":1,"projectvibrantjourneys:light_brown_bark_mushroom":2,"minecraft:spruce_planks":12,"minecraft:wooden_axe":2,"minecraft:wooden_sword":1,"minecraft:wooden_pickaxe":2,"projectvibrantjourneys:bark_mushroom":1,"minecraft:spruce_sapling":2,"minecraft:bone":2},"minecraft:broken":{"minecraft:wooden_axe":1},"minecraft:custom":{"minecraft:interact_with_furnace":6,"minecraft:mob_kills":14,"minecraft:interact_with_crafting_table":22,"minecraft:damage_dealt_resisted":83,"minecraft:leave_game":3,"minecraft:time_since_death":4307,"minecraft:sleep_in_bed":3,"minecraft:time_since_rest":4329,"minecraft:sprint_one_cm":227582,"minecraft:damage_taken":2947,"minecraft:walk_one_cm":182865,"minecraft:drop":18,"minecraft:damage_dealt":2287,"minecraft:swim_one_cm":7056,"minecraft:fly_one_cm":417603,"minecraft:player_kills":1,"minecraft:open_chest":5,"minecraft:crouch_one_cm":5774,"minecraft:play_time":81422,"minecraft:deaths":8,"minecraft:sneak_time":2186,"minecraft:walk_under_water_one_cm":176,"minecraft:jump":1597,"minecraft:walk_on_water_one_cm":1625,"minecraft:total_world_time":81422,"minecraft:fall_one_cm":38163},"minecraft:killed_by":{"minecraft:player":1,"minecraft:stray":1,"alexsmobs:tusklin":5},"minecraft:crafted":{"minecraft:cooked_porkchop":6,"minecraft:crafting_table":4,"minecraft:spruce_planks":292,"minecraft:spruce_button":1,"minecraft:wooden_pickaxe":2,"minecraft:stone_axe":2,"minecraft:air":0,"minecraft:stick":32,"minecraft:stone_pickaxe":3,"minecraft:wooden_axe":4,"minecraft:stone_sword":2,"minecraft:torch":32}},"DataVersion":3465}