{"stats":{"minecraft:used":{"minecraft:wooden_axe":26,"minecraft:stone_sword":6,"minecraft:stone_pickaxe":70,"minecraft:bread":16,"minecraft:spruce_button":1,"minecraft:wooden_pickaxe":3,"minecraft:torch":4,"minecraft:stone_axe":1,"minecraft:wooden_sword":15,"minecraft:dirt":4,"minecraft:cobblestone":31,"minecraft:white_carpet":2,"minecraft:crafting_table":4,"alexsmobs:animal_dictionary":1},"minecraft:mined":{"minecraft:red_bed":1,"minecraft:redstone_torch":2,"minecraft:fire":1,"minecraft:white_carpet":3,"minecraft:spruce_log":29,"minecraft:crafting_table":4,"minecraft:grass_block":2,"minecraft:grass":2,"projectvibrantjourneys:twigs":2,"minecraft:coal_ore":31,"projectvibrantjourneys:short_grass":2,"minecraft:dirt":3,"projectvibrantjourneys:ice_chunks":1,"minecraft:cobblestone":3,"minecraft:spruce_leaves":7,"minecraft:stone":37,"minecraft:wall_torch":1},"minecraft:killed":{"minecraft:zombie":1,"minecraft:pig":4},"minecraft:picked_up":{"minecraft:wooden_axe":3,"projectvibrantjourneys:light_brown_bark_mushroom":1,"minecraft:stick":23,"minecraft:crafting_table":7,"projectvibrantjourneys:bark_mushroom":1,"minecraft:torch":1,"minecraft:porkchop":11,"pointblank:gunmetal_nugget":5,"minecraft:spruce_sapling":4,"minecraft:spruce_log":64,"minecraft:dirt":9,"minecraft:white_carpet":7,"minecraft:stone_sword":1,"minecraft:rotten_flesh":2,"minecraft:spruce_planks":156,"minecraft:stone_pickaxe":4,"minecraft:redstone_torch":2,"minecraft:coal":114,"minecraft:cobblestone":80},"minecraft:dropped":{"projectvibrantjourneys:light_brown_bark_mushroom":1,"minecraft:stone_sword":1,"minecraft:wooden_axe":1,"minecraft:wooden_sword":1,"minecraft:wooden_pickaxe":1,"projectvibrantjourneys:bark_mushroom":1},"minecraft:custom":{"minecraft:time_since_rest":1753,"minecraft:interact_with_furnace":2,"minecraft:sprint_one_cm":145442,"minecraft:damage_taken":2032,"minecraft:walk_one_cm":128589,"minecraft:mob_kills":7,"minecraft:drop":6,"minecraft:damage_dealt":1061,"minecraft:swim_one_cm":7056,"minecraft:interact_with_crafting_table":11,"minecraft:fly_one_cm":266157,"minecraft:open_chest":5,"minecraft:crouch_one_cm":1744,"minecraft:play_time":51725,"minecraft:deaths":5,"minecraft:sneak_time":902,"minecraft:walk_under_water_one_cm":176,"minecraft:jump":1009,"minecraft:leave_game":2,"minecraft:time_since_death":1720,"minecraft:walk_on_water_one_cm":1079,"minecraft:sleep_in_bed":2,"minecraft:total_world_time":51725,"minecraft:fall_one_cm":27823},"minecraft:killed_by":{"alexsmobs:tusklin":4},"minecraft:crafted":{"minecraft:crafting_table":2,"minecraft:spruce_planks":120,"minecraft:stick":20,"minecraft:spruce_button":1,"minecraft:wooden_pickaxe":1,"minecraft:stone_pickaxe":2,"minecraft:wooden_axe":2,"minecraft:stone_sword":1,"minecraft:torch":32,"minecraft:stone_axe":1}},"DataVersion":3465}