{"stats":{"minecraft:crafted":{"minecraft:yellow_wool":5,"minecraft:oak_planks":80,"minecraft:cherry_slab":168,"minecraft:birch_boat":5,"minecraft:cooked_chicken":3,"minecraft:diamond_shovel":1,"minecraft:cooked_mutton":22,"minecraft:diamond_helmet":5,"minecraft:diamond_leggings":5,"minecraft:chest":4,"minecraft:oak_button":10,"minecraft:stone_hoe":1,"minecraft:cherry_fence":3,"minecraft:cooked_porkchop":25,"minecraft:crafting_table":3,"minecraft:red_wool":3,"minecraft:birch_planks":44,"minecraft:diamond_pickaxe":3,"minecraft:yellow_dye":5,"minecraft:shield":3,"minecraft:stick":28,"minecraft:composter":8,"minecraft:cherry_planks":260,"minecraft:cobbled_deepslate_slab":48,"minecraft:cherry_trapdoor":36,"minecraft:iron_hoe":1,"minecraft:diamond_boots":6,"minecraft:wheat":18,"minecraft:cooked_beef":11,"minecraft:red_dye":3,"minecraft:diamond_sword":1,"minecraft:red_bed":1,"minecraft:bucket":3,"minecraft:bread":11,"minecraft:air":0,"minecraft:oak_boat":5,"minecraft:white_wool":1,"minecraft:white_bed":15,"minecraft:torch":20,"minecraft:diamond_chestplate":3},"minecraft:used":{"minecraft:cherry_sapling":1,"minecraft:iron_shovel":9,"minecraft:elytra":1,"minecraft:poppy":3,"minecraft:chest":4,"minecraft:shield":97,"minecraft:white_terracotta":5,"minecraft:rotten_flesh":32,"minecraft:soul_sand":3,"minecraft:mutton":2,"minecraft:carrot":602,"minecraft:lava_bucket":3,"minecraft:netherite_boots":1,"minecraft:golden_sword":2,"minecraft:hay_block":1,"minecraft:egg":2,"minecraft:deepslate_brick_wall":2,"minecraft:diamond_boots":4,"minecraft:oak_planks":20,"minecraft:blackstone":524,"minecraft:ender_pearl":50,"minecraft:composter":6,"minecraft:diamond_axe":222,"minecraft:netherite_leggings":1,"minecraft:blast_furnace":1,"minecraft:crossbow":44,"minecraft:end_stone":1,"minecraft:firework_rocket":7,"minecraft:bread":102,"minecraft:melon_slice":4,"minecraft:diamond_sword":1693,"minecraft:wooden_sword":10,"minecraft:smithing_table":1,"minecraft:oak_boat":58,"minecraft:netherite_sword":2,"minecraft:flint_and_steel":7,"minecraft:netherrack":162,"minecraft:cooked_chicken":11,"minecraft:stone_hoe":74,"minecraft:trial_key":9,"minecraft:torch":21,"minecraft:dirt":522,"minecraft:diamond_helmet":4,"minecraft:shulker_box":1,"minecraft:iron_hoe":252,"minecraft:cherry_trapdoor":56,"minecraft:diamond_chestplate":5,"minecraft:basalt":49,"minecraft:waxed_cut_copper_slab":1,"minecraft:netherite_pickaxe":1,"minecraft:cooked_beef":26,"minecraft:cobbled_deepslate":341,"minecraft:cherry_fence":5,"minecraft:golden_axe":9,"minecraft:cooked_mutton":22,"minecraft:water_bucket":140,"minecraft:birch_planks":6,"minecraft:baked_potato":2,"minecraft:birch_boat":17,"minecraft:cherry_planks":19,"minecraft:polished_blackstone_bricks":4,"minecraft:crafting_table":2,"minecraft:red_bed":1,"minecraft:birch_sign":6,"minecraft:spider_eye":1,"minecraft:white_bed":55,"minecraft:diamond_pickaxe":912,"minecraft:diamond_shovel":827,"minecraft:ominous_trial_key":5,"minecraft:cobblestone":110,"minecraft:cobbled_deepslate_slab":34,"minecraft:cooked_porkchop":27,"minecraft:bucket":144,"minecraft:yellow_bed":3,"minecraft:dandelion":1,"minecraft:diamond_leggings":5},"minecraft:picked_up":{"minecraft:wheat":39,"minecraft:yellow_wool":5,"minecraft:smithing_table":2,"minecraft:lead":2,"minecraft:diamond_sword":17,"minecraft:oak_stairs":1,"minecraft:enchanted_book":6,"minecraft:potion":3,"minecraft:brewing_stand":1,"minecraft:golden_sword":2,"minecraft:string":157,"minecraft:waxed_cut_copper_slab":2,"minecraft:raw_copper":8,"minecraft:beetroot":1,"minecraft:cherry_boat":1,"minecraft:diamond_leggings":14,"minecraft:black_shulker_box":1,"minecraft:gold_nugget":2,"minecraft:cobbled_deepslate":149,"minecraft:bucket":2,"minecraft:trial_key":13,"minecraft:enchanted_golden_apple":1,"minecraft:melon_slice":5,"minecraft:furnace":1,"minecraft:tipped_arrow":61,"minecraft:stick":54,"minecraft:deepslate_brick_wall":2,"minecraft:composter":5,"minecraft:torch":11,"minecraft:porkchop":39,"minecraft:cherry_log":118,"minecraft:warped_planks":8,"minecraft:rotten_flesh":170,"minecraft:honey_bottle":7,"minecraft:white_terracotta":5,"minecraft:netherite_chestplate":1,"minecraft:blaze_rod":6,"minecraft:obsidian":65,"minecraft:cobblestone":163,"minecraft:birch_log":11,"minecraft:pink_petals":22,"minecraft:leather_chestplate":1,"minecraft:feather":9,"minecraft:cooked_beef":23,"minecraft:cherry_planks":6,"minecraft:water_bucket":6,"minecraft:andesite":9,"minecraft:brown_wool":3,"minecraft:golden_leggings":2,"minecraft:potato":4,"minecraft:cherry_fence":2,"minecraft:wither_skeleton_skull":2,"minecraft:netherite_leggings":1,"minecraft:lapis_lazuli":16,"minecraft:dirt":2924,"minecraft:lantern":3,"minecraft:leather_boots":1,"minecraft:bone":135,"minecraft:bow":11,"minecraft:wheat_seeds":206,"minecraft:cobbled_deepslate_slab":1,"minecraft:diamond_helmet":13,"minecraft:fletching_table":1,"minecraft:glowstone_dust":75,"minecraft:scrape_pottery_sherd":2,"minecraft:oak_planks":61,"minecraft:stone_hoe":3,"minecraft:cooked_porkchop":27,"minecraft:sand":134,"minecraft:ink_sac":2,"minecraft:shulker_box":2,"minecraft:mossy_cobblestone":1,"minecraft:diamond":117,"minecraft:netherite_helmet":1,"minecraft:waxed_oxidized_copper_grate":3,"minecraft:cracked_polished_blackstone_bricks":2,"minecraft:crossbow":5,"minecraft:breeze_rod":13,"minecraft:golden_apple":1,"minecraft:bread":289,"minecraft:emerald":112,"minecraft:oak_sapling":1,"minecraft:netherrack":296,"minecraft:ominous_trial_key":5,"minecraft:diamond_pickaxe":15,"minecraft:waxed_oxidized_cut_copper":1,"minecraft:crafting_table":3,"minecraft:ominous_bottle":1,"minecraft:chicken":5,"minecraft:gold_block":2,"minecraft:purpur_block":4,"minecraft:brick":72,"minecraft:shield":15,"minecraft:wind_charge":19,"minecraft:elytra":7,"minecraft:flow_banner_pattern":1,"minecraft:wooden_sword":1,"minecraft:iron_axe":4,"minecraft:flint_and_steel":3,"minecraft:snow":3,"minecraft:iron_shovel":2,"minecraft:blackstone":364,"minecraft:cracked_stone_bricks":1,"minecraft:netherite_sword":1,"minecraft:beef":28,"minecraft:oak_boat":60,"minecraft:poppy":4,"minecraft:light_gray_wool":6,"minecraft:guster_pottery_sherd":7,"minecraft:sugar_cane":5,"minecraft:phantom_membrane":7,"minecraft:cherry_trapdoor":20,"minecraft:egg":2,"minecraft:end_stone":4,"minecraft:oak_door":2,"minecraft:copper_ingot":1,"minecraft:polished_blackstone_bricks":4,"minecraft:flow_pottery_sherd":2,"minecraft:trident":2,"minecraft:carrot":2098,"minecraft:redstone":78,"minecraft:netherite_pickaxe":1,"minecraft:arrow":485,"minecraft:diamond_chestplate":20,"minecraft:beetroot_seeds":2,"minecraft:deepslate_bricks":3,"minecraft:diamond_boots":11,"minecraft:hay_block":5,"minecraft:saddle":1,"minecraft:tuff_bricks":2,"minecraft:mutton":101,"minecraft:white_wool":120,"minecraft:netherite_boots":1,"minecraft:basalt":60,"minecraft:golden_carrot":22,"minecraft:leather":19,"minecraft:crimson_fungus":1,"minecraft:lily_pad":6,"minecraft:oak_log":27,"minecraft:waxed_copper_block":7,"minecraft:golden_boots":1,"minecraft:yellow_bed":5,"minecraft:gunpowder":22,"minecraft:blue_bed":1,"minecraft:stone_bricks":1,"minecraft:kelp":22,"minecraft:warped_stem":9,"minecraft:iron_ingot":40,"minecraft:cooked_chicken":9,"minecraft:glass_bottle":5,"minecraft:soul_sand":2,"minecraft:book":716,"minecraft:warped_fungus":8,"minecraft:smooth_basalt":3,"minecraft:birch_boat":16,"minecraft:quartz":4,"minecraft:dandelion":1,"minecraft:lava_bucket":2,"minecraft:amethyst_shard":13,"minecraft:blast_furnace":1,"minecraft:white_bed":48,"minecraft:dragon_egg":1,"minecraft:spider_eye":54,"minecraft:firework_rocket":21,"minecraft:diamond_shovel":9,"minecraft:slime_ball":31,"minecraft:diamond_axe":11,"minecraft:cherry_sapling":46,"minecraft:birch_sign":6,"minecraft:gray_wool":4,"minecraft:warped_roots":28,"minecraft:baked_potato":19,"minecraft:black_wool":1,"minecraft:warped_nylium":11,"minecraft:chiseled_tuff_bricks":1,"minecraft:coal":19,"minecraft:ender_pearl":373},"minecraft:custom":{"minecraft:interact_with_crafting_table":72,"minecraft:open_barrel":5,"minecraft:open_shulker_box":42,"minecraft:bell_ring":2,"minecraft:leave_game":51,"minecraft:time_since_death":4091,"minecraft:sprint_one_cm":4696808,"minecraft:damage_blocked_by_shield":4290,"minecraft:drop":125,"minecraft:talked_to_villager":29,"minecraft:play_time":1075710,"minecraft:deaths":21,"minecraft:jump":9740,"minecraft:walk_on_water_one_cm":121506,"minecraft:interact_with_furnace":26,"minecraft:interact_with_loom":1,"minecraft:sleep_in_bed":8,"minecraft:open_enderchest":80,"minecraft:damage_dealt":97967,"minecraft:player_kills":1,"minecraft:crouch_one_cm":34339,"minecraft:interact_with_smoker":44,"minecraft:inspect_dispenser":4,"minecraft:interact_with_smithing_table":2,"minecraft:mob_kills":1074,"minecraft:interact_with_anvil":23,"minecraft:inspect_hopper":3,"minecraft:climb_one_cm":24523,"minecraft:walk_one_cm":3579402,"minecraft:sneak_time":15864,"minecraft:walk_under_water_one_cm":132448,"minecraft:boat_one_cm":2193848,"minecraft:interact_with_blast_furnace":6,"minecraft:total_world_time":1075710,"minecraft:time_since_rest":4122,"minecraft:damage_taken":22626,"minecraft:swim_one_cm":135680,"minecraft:fly_one_cm":1414984,"minecraft:open_chest":784,"minecraft:aviate_one_cm":429035,"minecraft:fall_one_cm":239680},"minecraft:broken":{"minecraft:diamond_helmet":1,"minecraft:diamond_boots":2,"minecraft:golden_sword":1,"minecraft:iron_hoe":1,"minecraft:diamond_chestplate":1,"minecraft:diamond_leggings":2},"minecraft:mined":{"minecraft:waxed_cut_copper_slab":1,"minecraft:white_bed":47,"minecraft:farmland":1,"minecraft:cherry_log":118,"minecraft:brewing_stand":1,"minecraft:potted_dead_bush":1,"minecraft:obsidian":8,"minecraft:cherry_trapdoor":20,"minecraft:grass_block":550,"minecraft:cracked_polished_blackstone_bricks":2,"minecraft:deepslate_bricks":4,"minecraft:soul_soil":4,"minecraft:chiseled_tuff_bricks":1,"minecraft:composter":5,"minecraft:tuff_bricks":2,"minecraft:polished_blackstone_bricks":3,"minecraft:tall_seagrass":1,"minecraft:glowstone":24,"minecraft:fire":35,"minecraft:cobbled_deepslate":45,"minecraft:fletching_table":1,"minecraft:dirt_path":9,"minecraft:oak_stairs":2,"minecraft:blackstone":170,"minecraft:medium_amethyst_bud":1,"minecraft:amethyst_cluster":1,"minecraft:torch":2,"minecraft:blast_furnace":1,"minecraft:melon":1,"minecraft:chest":1,"minecraft:nether_quartz_ore":4,"minecraft:cobblestone":28,"minecraft:sugar_cane":2,"minecraft:oak_planks":19,"minecraft:wall_torch":5,"minecraft:cherry_slab":1,"minecraft:pink_petals":7,"minecraft:white_terracotta":8,"minecraft:cherry_fence":2,"minecraft:warped_nylium":11,"minecraft:birch_log":11,"minecraft:wheat":1,"minecraft:waxed_copper_block":6,"minecraft:warped_fungus":4,"minecraft:oak_log":20,"minecraft:beetroots":1,"minecraft:dirt":440,"minecraft:smooth_basalt":3,"minecraft:netherrack":299,"minecraft:oak_leaves":6,"minecraft:deepslate":62,"minecraft:mossy_cobblestone":1,"minecraft:oak_door":2,"minecraft:end_stone":2,"minecraft:shulker_box":3,"minecraft:cobbled_deepslate_slab":1,"minecraft:decorated_pot":9,"minecraft:hay_block":1,"minecraft:carrots":24,"minecraft:nether_sprouts":1,"minecraft:andesite":9,"minecraft:gold_block":2,"minecraft:potatoes":1,"minecraft:lantern":3,"minecraft:warped_stem":9,"minecraft:stone":77,"minecraft:smithing_table":2,"minecraft:glass_pane":1,"minecraft:cherry_planks":6,"minecraft:soul_sand":1,"minecraft:basalt":54,"minecraft:dandelion":1,"minecraft:crafting_table":1,"minecraft:short_grass":553,"minecraft:warped_roots":27,"minecraft:tall_grass":95,"minecraft:copper_ore":2,"minecraft:blue_bed":1,"minecraft:waxed_oxidized_copper_grate":6,"minecraft:yellow_bed":7,"minecraft:coal_ore":2,"minecraft:cherry_leaves":11,"minecraft:cobweb":9,"minecraft:birch_sign":6,"minecraft:stone_bricks":1},"minecraft:killed_by":{"minecraft:wither_skeleton":1,"minecraft:creeper":2,"minecraft:drowned":1,"minecraft:witch":1,"minecraft:zombie":3,"minecraft:player":5,"minecraft:spider":1,"minecraft:iron_golem":1,"minecraft:skeleton":2},"minecraft:killed":{"minecraft:zombified_piglin":2,"minecraft:spider":105,"minecraft:skeleton":92,"minecraft:chicken":6,"minecraft:silverfish":24,"minecraft:piglin_brute":2,"minecraft:magma_cube":10,"minecraft:piglin":6,"minecraft:pig":21,"minecraft:zombie_villager":4,"minecraft:salmon":1,"minecraft:iron_golem":3,"minecraft:creeper":17,"minecraft:sheep":28,"minecraft:trader_llama":3,"minecraft:zombie":97,"minecraft:blaze":5,"minecraft:cow":13,"minecraft:slime":32,"minecraft:phantom":8,"minecraft:drowned":2,"minecraft:wandering_trader":1,"minecraft:breeze":9,"minecraft:wither_skeleton":8,"minecraft:villager":1,"minecraft:enderman":561},"minecraft:dropped":{"minecraft:ominous_bottle":1,"minecraft:diamond_axe":1,"minecraft:cooked_beef":5,"minecraft:warped_fungus":1,"minecraft:glass_bottle":2,"minecraft:ender_pearl":71,"minecraft:diamond":12,"minecraft:crossbow":1,"minecraft:fletching_table":1,"minecraft:elytra":4,"minecraft:dirt":273,"minecraft:wooden_sword":1,"minecraft:amethyst_shard":1,"minecraft:phantom_membrane":1,"minecraft:blue_bed":1,"minecraft:bone":2,"minecraft:cooked_chicken":1,"minecraft:chiseled_tuff_bricks":1,"minecraft:rotten_flesh":6,"minecraft:diamond_shovel":4,"minecraft:end_stone":3,"minecraft:white_bed":3,"minecraft:waxed_copper_block":1,"minecraft:carrot":12,"minecraft:trident":1,"minecraft:arrow":127,"minecraft:firework_rocket":6,"minecraft:iron_ingot":8,"minecraft:wheat_seeds":58,"minecraft:diamond_leggings":2,"minecraft:stick":7,"minecraft:golden_carrot":10,"minecraft:torch":1,"minecraft:diamond_helmet":3,"minecraft:string":42,"minecraft:redstone":8,"minecraft:tuff_bricks":2,"minecraft:composter":3,"minecraft:cherry_slab":70,"minecraft:shulker_box":1,"minecraft:diamond_sword":2,"minecraft:snow":3,"minecraft:shield":4,"minecraft:diamond_chestplate":6,"minecraft:diamond_pickaxe":3,"minecraft:yellow_bed":1,"minecraft:oak_boat":1,"minecraft:waxed_oxidized_cut_copper":1,"minecraft:spider_eye":31,"minecraft:diamond_boots":2,"minecraft:birch_boat":1,"minecraft:bow":6}},"DataVersion":3953}