{"stats":{"minecraft:used":{"alexsmobs:maggot":1,"minecraft:stone_sword":59,"minecraft:stone_pickaxe":1,"minecraft:wooden_pickaxe":31,"minecraft:rotten_flesh":2,"minecraft:wooden_sword":2,"minecraft:stone_axe":125,"minecraft:dirt":9,"minecraft:cobblestone":5,"minecraft:crafting_table":1,"minecraft:spider_eye":1,"minecraft:spruce_log":8},"minecraft:mined":{"minecraft:spruce_log":132,"minecraft:grass_block":6,"projectvibrantjourneys:short_grass":9,"minecraft:dirt":13,"minecraft:cobblestone":1,"minecraft:spruce_leaves":6,"minecraft:stone":26},"minecraft:killed":{"minecraft:zombie":1,"minecraft:stray":2,"minecraft:spider":2,"minecraft:creeper":1},"minecraft:picked_up":{"projectvibrantjourneys:light_brown_bark_mushroom":20,"minecraft:stick":60,"projectvibrantjourneys:bark_mushroom":8,"minecraft:wooden_pickaxe":10,"minecraft:porkchop":4,"pointblank:gunmetal_nugget":45,"minecraft:spruce_sapling":36,"minecraft:spruce_log":389,"minecraft:dirt":41,"minecraft:spider_eye":1,"minecraft:string":12,"minecraft:stone_sword":10,"minecraft:arrow":15,"minecraft:rotten_flesh":13,"minecraft:stone_axe":3,"minecraft:wheat_seeds":12,"minecraft:spruce_planks":24,"minecraft:stone_pickaxe":10,"alexsmobs:maggot":1,"projectvibrantjourneys:orange_bark_mushroom":20,"minecraft:coal":6,"minecraft:cobblestone":124},"minecraft:dropped":{"minecraft:cobblestone":4,"projectvibrantjourneys:orange_bark_mushroom":5},"minecraft:custom":{"minecraft:time_since_rest":8258,"minecraft:sprint_one_cm":336470,"minecraft:damage_taken":3817,"minecraft:walk_one_cm":217755,"minecraft:mob_kills":7,"minecraft:drop":5,"minecraft:damage_dealt":2132,"minecraft:swim_one_cm":4217,"minecraft:interact_with_crafting_table":11,"minecraft:fly_one_cm":83870,"minecraft:player_kills":1,"minecraft:crouch_one_cm":1260,"minecraft:play_time":55759,"minecraft:deaths":14,"minecraft:sneak_time":652,"minecraft:walk_under_water_one_cm":139,"minecraft:damage_dealt_resisted":105,"minecraft:jump":515,"minecraft:leave_game":2,"minecraft:time_since_death":8150,"minecraft:walk_on_water_one_cm":1008,"minecraft:sleep_in_bed":2,"minecraft:total_world_time":55759,"minecraft:fall_one_cm":5937},"minecraft:crafted":{"minecraft:crafting_table":1,"minecraft:spruce_planks":404,"minecraft:stick":20,"minecraft:wooden_pickaxe":1,"minecraft:stone_pickaxe":1,"minecraft:stone_sword":1,"minecraft:stone_axe":1},"minecraft:killed_by":{"hordes:zombie_player":1,"minecraft:player":1,"alexsmobs:tusklin":7,"minecraft:stray":1,"minecraft:spider":1,"minecraft:zombie":3}},"DataVersion":3465}