{"stats":{"minecraft:used":{"minecraft:wooden_sword":2,"minecraft:crafting_table":1,"minecraft:wooden_pickaxe":29},"minecraft:mined":{"minecraft:grass_block":1,"minecraft:dirt":2,"minecraft:spruce_log":4,"minecraft:stone":26},"minecraft:picked_up":{"minecraft:spruce_log":4,"minecraft:coal":1,"minecraft:dirt":3,"minecraft:cobblestone":23},"minecraft:dropped":{"minecraft:cobblestone":4},"minecraft:custom":{"minecraft:time_since_rest":6194,"minecraft:crouch_one_cm":50,"minecraft:play_time":14240,"minecraft:sprint_one_cm":57356,"minecraft:walk_one_cm":46643,"minecraft:damage_taken":540,"minecraft:deaths":2,"minecraft:sneak_time":17,"minecraft:drop":4,"minecraft:damage_dealt_resisted":4,"minecraft:jump":130,"minecraft:damage_dealt":206,"minecraft:time_since_death":8079,"minecraft:walk_on_water_one_cm":569,"minecraft:sleep_in_bed":1,"minecraft:total_world_time":14240,"minecraft:interact_with_crafting_table":4,"minecraft:fall_one_cm":1842,"minecraft:fly_one_cm":16955},"minecraft:crafted":{"minecraft:crafting_table":1,"minecraft:spruce_planks":16,"minecraft:stick":4,"minecraft:stone_pickaxe":1,"minecraft:wooden_pickaxe":1},"minecraft:killed_by":{"hordes:zombie_player":1,"minecraft:zombie":1}},"DataVersion":3465}