{"stats":{"minecraft:used":{"minecraft:stone_sword":28,"minecraft:stone_pickaxe":1,"minecraft:wooden_pickaxe":31,"minecraft:wooden_sword":2,"minecraft:dirt":8,"minecraft:cobblestone":5,"minecraft:crafting_table":1},"minecraft:mined":{"minecraft:spruce_log":4,"minecraft:grass_block":5,"minecraft:dirt":13,"minecraft:cobblestone":1,"minecraft:stone":26},"minecraft:killed":{"minecraft:zombie":1,"minecraft:stray":2},"minecraft:picked_up":{"minecraft:stick":42,"minecraft:wooden_pickaxe":7,"pointblank:gunmetal_nugget":6,"minecraft:spruce_log":4,"minecraft:dirt":40,"minecraft:rotten_flesh":2,"minecraft:stone_sword":7,"minecraft:arrow":6,"minecraft:stone_pickaxe":7,"minecraft:coal":6,"minecraft:cobblestone":93},"minecraft:dropped":{"minecraft:cobblestone":4},"minecraft:custom":{"minecraft:time_since_rest":1013,"minecraft:sprint_one_cm":213544,"minecraft:damage_taken":2975,"minecraft:walk_one_cm":90566,"minecraft:mob_kills":4,"minecraft:drop":4,"minecraft:damage_dealt":924,"minecraft:interact_with_crafting_table":8,"minecraft:fly_one_cm":52382,"minecraft:crouch_one_cm":853,"minecraft:play_time":29294,"minecraft:deaths":11,"minecraft:sneak_time":555,"minecraft:jump":282,"minecraft:damage_dealt_resisted":63,"minecraft:leave_game":1,"minecraft:walk_on_water_one_cm":698,"minecraft:time_since_death":982,"minecraft:sleep_in_bed":2,"minecraft:total_world_time":29294,"minecraft:fall_one_cm":3750},"minecraft:crafted":{"minecraft:crafting_table":1,"minecraft:spruce_planks":16,"minecraft:stick":12,"minecraft:wooden_pickaxe":1,"minecraft:stone_pickaxe":1,"minecraft:stone_sword":1},"minecraft:killed_by":{"hordes:zombie_player":1,"alexsmobs:tusklin":7,"minecraft:stray":1,"minecraft:spider":1,"minecraft:zombie":1}},"DataVersion":3465}