{"stats":{"minecraft:used":{"minecraft:bread":3,"minecraft:wooden_pickaxe":8,"minecraft:wooden_sword":20},"minecraft:mined":{"minecraft:red_bed":1,"minecraft:spruce_log":2,"k_turrets:titanium_ore":1,"minecraft:grass_block":3,"minecraft:dirt":3,"projectvibrantjourneys:ice_chunks":1,"minecraft:spruce_leaves":9,"minecraft:stone":7},"minecraft:killed":{"minecraft:zombie":1,"alexsmobs:tusklin":1},"minecraft:picked_up":{"minecraft:wooden_axe":1,"projectvibrantjourneys:light_brown_bark_mushroom":5,"projectvibrantjourneys:bark_mushroom":2,"minecraft:wooden_pickaxe":2,"minecraft:spruce_sapling":9,"minecraft:spruce_log":31,"minecraft:gunpowder":1,"minecraft:dirt":6,"minecraft:red_bed":1,"minecraft:wooden_sword":1,"minecraft:arrow":3,"minecraft:rotten_flesh":5,"minecraft:stone_axe":1,"k_turrets:raw_titanium":1,"minecraft:spruce_planks":20,"minecraft:stone_pickaxe":1,"projectvibrantjourneys:orange_bark_mushroom":10,"minecraft:cobblestone":11},"minecraft:dropped":{"projectvibrantjourneys:light_brown_bark_mushroom":5,"minecraft:stone_axe":1,"minecraft:spruce_planks":8,"minecraft:rotten_flesh":3,"minecraft:wooden_sword":1,"minecraft:spruce_log":30,"minecraft:arrow":3,"minecraft:stone_pickaxe":1,"minecraft:wooden_pickaxe":1,"projectvibrantjourneys:orange_bark_mushroom":5,"projectvibrantjourneys:bark_mushroom":2,"minecraft:spruce_sapling":9},"minecraft:custom":{"minecraft:time_since_rest":8594,"minecraft:walk_one_cm":31465,"minecraft:sprint_one_cm":24349,"minecraft:damage_taken":129,"minecraft:mob_kills":2,"minecraft:drop":12,"minecraft:damage_dealt":510,"minecraft:interact_with_crafting_table":4,"minecraft:fly_one_cm":28839,"minecraft:play_time":15593,"minecraft:jump":126,"minecraft:time_since_death":15593,"minecraft:walk_on_water_one_cm":19,"minecraft:sleep_in_bed":1,"minecraft:total_world_time":15593,"minecraft:fall_one_cm":2959},"minecraft:crafted":{"minecraft:stick":4,"minecraft:spruce_planks":4}},"DataVersion":3465}