{"stats":{"minecraft:used":{"minecraft:tuff_bricks":38,"minecraft:chiseled_tuff":1,"minecraft:dispenser":12,"minecraft:ladder":18,"minecraft:elytra":10,"minecraft:chest":41,"minecraft:rotten_flesh":1,"minecraft:soul_sand":52,"minecraft:spruce_boat":2,"minecraft:packed_ice":139,"minecraft:lava_bucket":1,"minecraft:grass_block":1,"minecraft:cherry_leaves":438,"minecraft:cherry_button":7,"minecraft:bow":829,"minecraft:furnace":8,"minecraft:deepslate_brick_wall":143,"minecraft:diorite":1,"minecraft:wooden_pickaxe":3,"minecraft:golden_apple":4,"minecraft:sand":5,"minecraft:blast_furnace":1,"minecraft:deepslate_brick_stairs":12,"minecraft:crying_obsidian":6,"minecraft:lectern":42,"minecraft:cherry_sign":1,"minecraft:diamond_sword":3274,"minecraft:wooden_sword":45,"minecraft:oak_boat":10,"minecraft:enchanting_table":1,"minecraft:stone_sword":3,"minecraft:trial_key":9,"minecraft:netherrack":394,"minecraft:torch":65,"minecraft:dragon_egg":1,"minecraft:brewing_stand":3,"minecraft:warped_wart_block":1,"minecraft:anvil":2,"minecraft:twisting_vines":1,"minecraft:chipped_anvil":3,"minecraft:iron_axe":35,"minecraft:cherry_slab":5,"minecraft:smooth_basalt":2,"minecraft:diamond_chestplate":3,"minecraft:basalt":1,"minecraft:cherry_log":4,"minecraft:cobbled_deepslate":422,"minecraft:observer":24,"minecraft:calcite":59,"minecraft:water_bucket":87,"minecraft:cherry_planks":487,"minecraft:fletching_table":17,"minecraft:leather_boots":1,"minecraft:deepslate_bricks":1356,"minecraft:mossy_cobblestone":1,"minecraft:crafting_table":12,"minecraft:white_bed":19,"minecraft:diamond_pickaxe":5080,"minecraft:ominous_trial_key":5,"minecraft:diamond_shovel":12739,"minecraft:wind_charge":59,"minecraft:iron_pickaxe":241,"minecraft:cobblestone":328,"minecraft:potion":11,"minecraft:cooked_porkchop":8,"minecraft:tuff_slab":8,"minecraft:cherry_sapling":48,"minecraft:decorated_pot":2,"minecraft:shield":646,"minecraft:iron_sword":209,"minecraft:nether_wart":46,"minecraft:mutton":16,"minecraft:nether_bricks":34,"minecraft:carrot":708,"minecraft:tuff":61,"minecraft:obsidian":2,"minecraft:honey_bottle":4,"minecraft:glass":114,"minecraft:lantern":1,"minecraft:iron_helmet":1,"minecraft:stone_bricks":1,"minecraft:golden_sword":8,"minecraft:repeater":12,"minecraft:hay_block":14,"minecraft:diamond_boots":2,"minecraft:stone_pickaxe":38,"minecraft:oak_planks":29,"minecraft:ender_pearl":67,"minecraft:chainmail_helmet":2,"minecraft:sugar_cane":46,"minecraft:diamond_axe":975,"minecraft:white_wool":6,"minecraft:loom":1,"minecraft:crossbow":19,"minecraft:end_stone":18,"minecraft:shears":476,"minecraft:redstone_torch":38,"minecraft:sticky_piston":4,"minecraft:lever":14,"minecraft:firework_rocket":133,"minecraft:bread":107,"minecraft:iron_door":2,"minecraft:gravel":14,"minecraft:golden_helmet":1,"minecraft:andesite":27,"minecraft:air":2,"minecraft:bone_meal":95,"minecraft:cherry_boat":11,"minecraft:trident":72,"minecraft:netherite_sword":129,"minecraft:flint_and_steel":35,"minecraft:redstone":186,"minecraft:stone_hoe":7,"minecraft:cooked_chicken":2,"minecraft:oak_door":2,"minecraft:dirt":1815,"minecraft:hopper":21,"minecraft:shulker_box":23,"minecraft:golden_chestplate":1,"minecraft:wooden_axe":48,"minecraft:bookshelf":48,"minecraft:oak_stairs":5,"minecraft:golden_carrot":74,"minecraft:netherite_pickaxe":2761,"minecraft:cooked_beef":28,"minecraft:cooked_mutton":12,"minecraft:amethyst_block":166,"minecraft:glass_bottle":11,"minecraft:baked_potato":24,"minecraft:birch_boat":12,"minecraft:black_shulker_box":18,"minecraft:cobblestone_slab":23,"minecraft:smoker":4,"minecraft:piston":51,"minecraft:tuff_brick_slab":4,"minecraft:stone_axe":30,"minecraft:cherry_stairs":4,"minecraft:bucket":94,"minecraft:yellow_bed":5,"minecraft:splash_potion":4},"minecraft:crafted":{"minecraft:black_dye":6,"minecraft:blaze_powder":2,"minecraft:oak_pressure_plate":1,"minecraft:loom":1,"minecraft:lever":3,"minecraft:diamond_shovel":1,"minecraft:bookshelf":50,"minecraft:cooked_mutton":11,"minecraft:shulker_box":5,"minecraft:quartz_block":18,"minecraft:glass":219,"minecraft:diamond_helmet":2,"minecraft:repeater":2,"minecraft:diamond_leggings":4,"minecraft:iron_door":6,"minecraft:glass_bottle":3,"minecraft:emerald":97,"minecraft:cooked_porkchop":4,"minecraft:diamond_axe":4,"minecraft:sticky_piston":2,"minecraft:fletching_table":1,"minecraft:lectern":2,"minecraft:cherry_sign":3,"minecraft:iron_pickaxe":1,"minecraft:iron_block":6,"minecraft:gold_ingot":107,"minecraft:light_gray_dye":1,"minecraft:netherite_ingot":3,"minecraft:golden_carrot":142,"minecraft:wind_charge":8,"minecraft:bone_meal":333,"minecraft:polished_tuff":28,"minecraft:tuff_slab":6,"minecraft:ladder":69,"minecraft:cherry_stairs":4,"minecraft:stone_pickaxe":1,"minecraft:diamond_boots":2,"minecraft:wheat":227,"minecraft:coal_block":24,"minecraft:netherite_pickaxe":1,"minecraft:enchanted_book":4,"minecraft:golden_apple":3,"minecraft:fermented_spider_eye":3,"minecraft:wooden_axe":2,"minecraft:iron_shovel":1,"minecraft:white_bed":7,"minecraft:oak_planks":768,"minecraft:cobblestone_slab":18,"minecraft:cherry_slab":6,"minecraft:quartz_bricks":16,"minecraft:cherry_boat":4,"minecraft:stone":6,"minecraft:hopper":9,"minecraft:bow":8,"minecraft:iron_boots":1,"minecraft:chest":48,"minecraft:netherite_upgrade_smithing_template":4,"minecraft:stone_hoe":1,"minecraft:ender_eye":1,"minecraft:white_banner":2,"minecraft:oak_slab":12,"minecraft:arrow":704,"minecraft:crafting_table":12,"minecraft:wooden_pickaxe":1,"minecraft:iron_helmet":1,"minecraft:cherry_button":5,"minecraft:birch_planks":8,"minecraft:black_shulker_box":1,"minecraft:dispenser":2,"minecraft:book":1,"minecraft:paper":21,"minecraft:diamond_pickaxe":8,"minecraft:shield":15,"minecraft:stick":2652,"minecraft:iron_ingot":91,"minecraft:redstone_torch":7,"minecraft:deepslate_bricks":308,"minecraft:tuff_brick_slab":6,"minecraft:shears":2,"minecraft:cherry_planks":2036,"minecraft:wooden_sword":1,"minecraft:coal":9,"minecraft:tuff_bricks":28,"minecraft:furnace":2,"minecraft:piston":58,"minecraft:flint_and_steel":1,"minecraft:netherite_chestplate":1,"minecraft:polished_deepslate":308,"minecraft:iron_axe":1,"minecraft:slime_ball":9,"minecraft:netherite_scrap":12,"minecraft:observer":21,"minecraft:cooked_beef":11,"minecraft:sugar":3,"minecraft:red_dye":2,"minecraft:diamond_sword":4,"minecraft:iron_sword":1,"minecraft:bucket":8,"minecraft:amethyst_block":13,"minecraft:stone_axe":1,"minecraft:bread":75,"minecraft:air":0,"minecraft:oak_boat":4,"minecraft:white_wool":10,"minecraft:gold_nugget":1136,"minecraft:anvil":2,"minecraft:torch":60,"minecraft:diamond_chestplate":3,"minecraft:firework_rocket":126},"minecraft:picked_up":{"minecraft:wooden_axe":2,"minecraft:flower_pot":2,"minecraft:oak_stairs":10,"minecraft:lead":10,"minecraft:diamond_sword":38,"minecraft:enchanted_book":32,"minecraft:brewing_stand":4,"minecraft:amethyst_block":223,"minecraft:string":341,"minecraft:shroomlight":1,"minecraft:cherry_boat":9,"minecraft:diamond_leggings":21,"minecraft:gold_nugget":43,"minecraft:cobbled_deepslate":1827,"minecraft:trial_key":17,"minecraft:netherite_upgrade_smithing_template":7,"minecraft:coal_block":8,"minecraft:enchanted_golden_apple":1,"minecraft:golden_helmet":3,"minecraft:composter":1,"minecraft:cherry_log":398,"minecraft:golden_chestplate":2,"minecraft:stone_sword":4,"minecraft:honey_bottle":12,"minecraft:blaze_rod":18,"minecraft:birch_log":2,"minecraft:magma_block":99,"minecraft:feather":6,"minecraft:cooked_beef":38,"minecraft:water_bucket":14,"minecraft:iron_door":8,"minecraft:cherry_leaves":489,"minecraft:smoker":4,"minecraft:flint":6,"minecraft:lantern":1,"minecraft:twisting_vines":15,"minecraft:chipped_anvil":3,"minecraft:diamond_helmet":22,"minecraft:glowstone_dust":1,"minecraft:warped_wart_block":7,"minecraft:ink_sac":6,"minecraft:dispenser":14,"minecraft:lever":19,"minecraft:granite":40,"minecraft:bread":114,"minecraft:chainmail_helmet":2,"minecraft:cherry_slab":43,"minecraft:ominous_trial_key":9,"minecraft:diamond_pickaxe":29,"minecraft:crafting_table":4,"minecraft:tuff_brick_slab":2,"minecraft:ominous_bottle":3,"minecraft:nether_wart":229,"minecraft:clay_ball":1,"minecraft:leather_leggings":3,"minecraft:music_disc_creator":1,"minecraft:stripped_cherry_log":1,"minecraft:wind_charge":76,"minecraft:cornflower":2,"minecraft:flow_banner_pattern":5,"minecraft:elytra":16,"minecraft:flint_and_steel":3,"minecraft:iron_shovel":1,"minecraft:netherite_sword":2,"minecraft:beef":17,"minecraft:chiseled_tuff":1,"minecraft:poppy":13,"minecraft:guster_pottery_sherd":6,"minecraft:chest":9,"minecraft:cherry_button":7,"minecraft:piston":11,"minecraft:waxed_oxidized_copper":2,"minecraft:stone":5,"minecraft:oak_door":2,"minecraft:flow_pottery_sherd":1,"minecraft:carrot":2151,"minecraft:redstone":930,"minecraft:music_disc_creator_music_box":1,"minecraft:diamond_chestplate":17,"minecraft:decorated_pot":7,"minecraft:diamond_boots":23,"minecraft:shears":2,"minecraft:deepslate_bricks":1244,"minecraft:hay_block":58,"minecraft:gold_ingot":3,"minecraft:tuff_bricks":51,"minecraft:mutton":35,"minecraft:bone_block":9,"minecraft:white_wool":21,"minecraft:rail":20,"minecraft:oxeye_daisy":1,"minecraft:stripped_oak_log":36,"minecraft:oak_log":156,"minecraft:ancient_debris":12,"minecraft:paper":18,"minecraft:white_banner":1,"minecraft:apple":8,"minecraft:stone_bricks":5,"minecraft:kelp":22,"minecraft:warped_stem":2,"minecraft:glass_bottle":6,"minecraft:iron_sword":3,"minecraft:smooth_basalt":41,"minecraft:gravel":43,"minecraft:crying_obsidian":1,"minecraft:polished_tuff":1,"minecraft:dragon_egg":2,"minecraft:leather_helmet":1,"minecraft:firework_rocket":121,"minecraft:diamond_shovel":19,"minecraft:slime_ball":27,"minecraft:diamond_axe":23,"minecraft:gray_wool":3,"minecraft:warped_roots":29,"minecraft:baked_potato":11,"minecraft:warped_nylium":1,"minecraft:hopper":10,"minecraft:ender_pearl":1692,"minecraft:wheat":1,"minecraft:potion":3,"minecraft:gilded_blackstone":1,"minecraft:raw_copper":10,"minecraft:smooth_stone_slab":1,"minecraft:sticky_piston":4,"minecraft:netherite_ingot":3,"minecraft:black_shulker_box":18,"minecraft:bucket":4,"minecraft:red_dye":2,"minecraft:redstone_torch":44,"minecraft:cobblestone_slab":14,"minecraft:calcite":218,"minecraft:iron_pickaxe":1,"minecraft:furnace":7,"minecraft:iron_boots":2,"minecraft:tipped_arrow":70,"minecraft:stick":151,"minecraft:deepslate_brick_wall":245,"minecraft:torch":105,"minecraft:porkchop":8,"minecraft:diorite":41,"minecraft:rotten_flesh":300,"minecraft:deepslate_brick_stairs":2,"minecraft:obsidian":27,"minecraft:blaze_powder":27,"minecraft:cobblestone":1339,"minecraft:enchanting_table":1,"minecraft:pink_petals":5,"minecraft:leather_chestplate":1,"minecraft:repeater":13,"minecraft:magma_cream":35,"minecraft:cherry_planks":504,"minecraft:andesite":60,"minecraft:golden_leggings":3,"minecraft:potato":2,"minecraft:tuff":238,"minecraft:wither_skeleton_skull":4,"minecraft:lapis_lazuli":635,"minecraft:dirt":4033,"minecraft:leather_boots":14,"minecraft:bone":330,"minecraft:bow":39,"minecraft:wheat_seeds":90,"minecraft:deepslate_brick_slab":46,"minecraft:raw_gold":29,"minecraft:bolt_armor_trim_smithing_template":2,"minecraft:fletching_table":19,"minecraft:stone_hoe":2,"minecraft:oak_planks":51,"minecraft:cooked_porkchop":13,"minecraft:sand":574,"minecraft:nether_brick_stairs":8,"minecraft:grass_block":504,"minecraft:mossy_cobblestone":1,"minecraft:shulker_box":26,"minecraft:sugar":4,"minecraft:clay":1,"minecraft:diamond":229,"minecraft:spruce_boat":3,"minecraft:waxed_oxidized_copper_grate":1,"minecraft:cracked_polished_blackstone_bricks":5,"minecraft:crossbow":7,"minecraft:breeze_rod":27,"minecraft:golden_apple":7,"minecraft:emerald":113,"minecraft:oak_sapling":9,"minecraft:netherrack":1927,"minecraft:azure_bluet":1,"minecraft:chicken":2,"minecraft:packed_ice":13,"minecraft:brown_mushroom":14,"minecraft:gold_block":4,"minecraft:shield":27,"minecraft:brick":71,"minecraft:moss_carpet":1,"minecraft:iron_axe":3,"minecraft:wooden_sword":2,"minecraft:blackstone":15,"minecraft:oak_boat":8,"minecraft:observer":36,"minecraft:light_gray_wool":2,"minecraft:lectern":41,"minecraft:sugar_cane":291,"minecraft:cherry_trapdoor":8,"minecraft:raw_iron":223,"minecraft:end_stone":145,"minecraft:cherry_stairs":2,"minecraft:polished_blackstone_bricks":2,"minecraft:trident":4,"minecraft:arrow":1438,"minecraft:nether_bricks":55,"minecraft:basalt":41,"minecraft:golden_carrot":26,"minecraft:glow_ink_sac":3,"minecraft:leather":31,"minecraft:birch_planks":8,"minecraft:waxed_copper_block":3,"minecraft:yellow_bed":7,"minecraft:gunpowder":100,"minecraft:cobblestone_stairs":4,"minecraft:cooked_mutton":1,"minecraft:iron_ingot":202,"minecraft:cooked_chicken":6,"minecraft:soul_sand":115,"minecraft:book":1545,"minecraft:warped_fungus":3,"minecraft:emerald_block":1,"minecraft:birch_boat":13,"minecraft:dandelion":25,"minecraft:quartz":155,"minecraft:lava_bucket":3,"minecraft:tuff_slab":4,"minecraft:amethyst_shard":52,"minecraft:blast_furnace":1,"minecraft:white_bed":15,"minecraft:spider_eye":42,"minecraft:chainmail_leggings":1,"minecraft:iron_helmet":2,"minecraft:cherry_sapling":100,"minecraft:black_wool":3,"minecraft:coal":162},"minecraft:custom":{"minecraft:interact_with_crafting_table":298,"minecraft:open_barrel":8,"minecraft:leave_game":37,"minecraft:time_since_death":492053,"minecraft:damage_blocked_by_shield":29085,"minecraft:play_time":2203246,"minecraft:deaths":50,"minecraft:jump":25489,"minecraft:enchant_item":92,"minecraft:interact_with_furnace":127,"minecraft:traded_with_villager":132,"minecraft:sleep_in_bed":79,"minecraft:damage_dealt":126636,"minecraft:interact_with_smoker":16,"minecraft:inspect_dispenser":49,"minecraft:interact_with_smithing_table":12,"minecraft:interact_with_anvil":77,"minecraft:inspect_hopper":41,"minecraft:sneak_time":89006,"minecraft:interact_with_blast_furnace":55,"minecraft:total_world_time":2203246,"minecraft:time_since_rest":11823,"minecraft:swim_one_cm":559800,"minecraft:fly_one_cm":5545180,"minecraft:open_chest":2609,"minecraft:fall_one_cm":501555,"minecraft:open_shulker_box":175,"minecraft:sprint_one_cm":5173585,"minecraft:drop":458,"minecraft:talked_to_villager":267,"minecraft:interact_with_brewingstand":40,"minecraft:walk_on_water_one_cm":203161,"minecraft:interact_with_loom":13,"minecraft:open_enderchest":135,"minecraft:player_kills":1,"minecraft:crouch_one_cm":242310,"minecraft:mob_kills":6369,"minecraft:climb_one_cm":28841,"minecraft:walk_one_cm":5788087,"minecraft:walk_under_water_one_cm":262338,"minecraft:boat_one_cm":673075,"minecraft:damage_taken":41612,"minecraft:damage_absorbed":58,"minecraft:aviate_one_cm":5776210},"minecraft:broken":{"minecraft:shears":2,"minecraft:golden_sword":1,"minecraft:diamond_pickaxe":1,"minecraft:iron_sword":1,"minecraft:stone_sword":1,"minecraft:shield":4,"minecraft:wooden_axe":1,"minecraft:diamond_sword":1,"minecraft:golden_chestplate":1},"minecraft:mined":{"minecraft:white_bed":11,"minecraft:cherry_log":367,"minecraft:obsidian":25,"minecraft:granite":39,"minecraft:deepslate_bricks":318,"minecraft:hopper":12,"minecraft:oxeye_daisy":1,"minecraft:nether_wart":28,"minecraft:polished_blackstone_bricks":2,"minecraft:magma_block":122,"minecraft:fire":177,"minecraft:sticky_piston":4,"minecraft:cobbled_deepslate":92,"minecraft:deepslate_lapis_ore":12,"minecraft:fletching_table":18,"minecraft:nether_brick_stairs":2,"minecraft:enchanting_table":1,"minecraft:twisting_vines":1,"minecraft:dirt_path":717,"minecraft:oak_stairs":7,"minecraft:deepslate_brick_stairs":2,"minecraft:tripwire":1,"minecraft:brown_mushroom":14,"minecraft:kelp_plant":8,"minecraft:smoker":4,"minecraft:deepslate_brick_wall":5,"minecraft:soul_fire":4,"minecraft:amethyst_cluster":4,"minecraft:torch":15,"minecraft:blast_furnace":2,"minecraft:glass":1,"minecraft:sugar_cane":122,"minecraft:amethyst_block":229,"minecraft:cherry_slab":3,"minecraft:repeater":11,"minecraft:wheat":1,"minecraft:waxed_copper_block":3,"minecraft:cherry_button":2,"minecraft:smooth_basalt":45,"minecraft:piston":11,"minecraft:deepslate":1661,"minecraft:mossy_cobblestone":1,"minecraft:cherry_sapling":1,"minecraft:shulker_box":21,"minecraft:end_stone":9,"minecraft:nether_bricks":47,"minecraft:redstone_wire":113,"minecraft:kelp":1,"minecraft:redstone_ore":3,"minecraft:andesite":65,"minecraft:chiseled_tuff":1,"minecraft:cobblestone_slab":15,"minecraft:rail":9,"minecraft:warped_stem":2,"minecraft:bone_block":2,"minecraft:white_wool":4,"minecraft:glass_pane":2,"minecraft:cherry_planks":134,"minecraft:soul_sand":67,"minecraft:observer":14,"minecraft:dandelion":10,"minecraft:tuff_slab":3,"minecraft:short_grass":261,"minecraft:warped_roots":25,"minecraft:copper_ore":18,"minecraft:tall_grass":43,"minecraft:deepslate_gold_ore":15,"minecraft:diorite":25,"minecraft:warped_wart_block":7,"minecraft:gravel":70,"minecraft:cobweb":69,"minecraft:stone_bricks":6,"minecraft:chipped_anvil":3,"minecraft:black_shulker_box":18,"minecraft:spruce_planks":2,"minecraft:cobblestone_stairs":3,"minecraft:brewing_stand":3,"minecraft:cherry_trapdoor":8,"minecraft:budding_amethyst":11,"minecraft:grass_block":3217,"minecraft:cracked_polished_blackstone_bricks":5,"minecraft:soul_soil":14,"minecraft:composter":1,"minecraft:tuff_bricks":53,"minecraft:gilded_blackstone":1,"minecraft:iron_ore":59,"minecraft:azure_bluet":4,"minecraft:deepslate_redstone_ore":62,"minecraft:blackstone":16,"minecraft:twisting_vines_plant":3,"minecraft:clay":3,"minecraft:calcite":223,"minecraft:chest":7,"minecraft:nether_quartz_ore":49,"minecraft:cobblestone":148,"minecraft:oak_planks":21,"minecraft:iron_door":3,"minecraft:wall_torch":25,"minecraft:pink_petals":3,"minecraft:seagrass":1,"minecraft:warped_nylium":46,"minecraft:birch_log":2,"minecraft:light_gray_wool":1,"minecraft:smooth_stone_slab":2,"minecraft:oak_log":158,"minecraft:waxed_oxidized_copper":2,"minecraft:sand":577,"minecraft:dirt":7924,"minecraft:ancient_debris":12,"minecraft:dispenser":10,"minecraft:netherrack":2656,"minecraft:oak_leaves":36,"minecraft:nether_gold_ore":9,"minecraft:diamond_ore":6,"minecraft:crying_obsidian":2,"minecraft:tuff":294,"minecraft:deepslate_diamond_ore":68,"minecraft:oak_door":2,"minecraft:stripped_cherry_log":1,"minecraft:glow_lichen":1,"minecraft:lever":13,"minecraft:decorated_pot":15,"minecraft:hay_block":41,"minecraft:furnace":7,"minecraft:carrots":102,"minecraft:nether_sprouts":8,"minecraft:gold_block":1,"minecraft:bookshelf":95,"minecraft:shroomlight":1,"minecraft:deepslate_iron_ore":51,"minecraft:stripped_oak_log":36,"minecraft:packed_ice":14,"minecraft:stone":1158,"minecraft:cherry_stairs":2,"minecraft:redstone_wall_torch":5,"minecraft:infested_stone_bricks":2,"minecraft:basalt":41,"minecraft:crafting_table":2,"minecraft:lectern":41,"minecraft:lapis_ore":15,"minecraft:waxed_oxidized_copper_grate":3,"minecraft:redstone_torch":31,"minecraft:yellow_bed":6,"minecraft:coal_ore":88,"minecraft:cherry_leaves":532,"minecraft:cracked_stone_bricks":1,"minecraft:mossy_stone_bricks":3},"minecraft:killed_by":{"minecraft:zombie":15,"minecraft:wither_skeleton":6,"minecraft:creeper":7,"minecraft:blaze":3,"minecraft:player":4,"minecraft:enderman":2,"minecraft:iron_golem":1,"minecraft:skeleton":8},"minecraft:killed":{"minecraft:cave_spider":9,"minecraft:skeleton":145,"minecraft:chicken":2,"minecraft:magma_cube":24,"minecraft:iron_golem":7,"minecraft:pillager":10,"minecraft:zombie":193,"minecraft:glow_squid":2,"minecraft:cow":11,"minecraft:endermite":1,"minecraft:wandering_trader":2,"minecraft:breeze":9,"minecraft:enderman":5581,"minecraft:zombified_piglin":3,"minecraft:witch":1,"minecraft:spider":103,"minecraft:silverfish":14,"minecraft:piglin_brute":1,"minecraft:piglin":2,"minecraft:pig":6,"minecraft:zombie_villager":3,"minecraft:creeper":76,"minecraft:sheep":19,"minecraft:trader_llama":7,"minecraft:ghast":1,"minecraft:blaze":60,"minecraft:slime":21,"minecraft:phantom":2,"minecraft:drowned":5,"minecraft:squid":2,"minecraft:wither_skeleton":15,"minecraft:villager":5},"minecraft:dropped":{"minecraft:iron_sword":1,"minecraft:ominous_bottle":2,"minecraft:lapis_lazuli":16,"minecraft:oak_pressure_plate":1,"minecraft:cooked_beef":2,"minecraft:glass_bottle":2,"minecraft:diamond":73,"minecraft:crafting_table":3,"minecraft:cooked_porkchop":4,"minecraft:crossbow":1,"minecraft:warped_roots":28,"minecraft:elytra":3,"minecraft:leather_helmet":1,"minecraft:music_disc_creator_music_box":1,"minecraft:emerald":134,"minecraft:dirt":54,"minecraft:cherry_button":4,"minecraft:gold_nugget":14,"minecraft:bone_meal":59,"minecraft:sand":44,"minecraft:sugar":1,"minecraft:fermented_spider_eye":2,"minecraft:white_wool":1,"minecraft:bone":10,"minecraft:cherry_boat":2,"minecraft:sugar_cane":1,"minecraft:lever":1,"minecraft:cooked_chicken":4,"minecraft:cobbled_deepslate":581,"minecraft:netherite_sword":2,"minecraft:rotten_flesh":21,"minecraft:oak_planks":8,"minecraft:white_bed":1,"minecraft:waxed_copper_block":1,"minecraft:eye_armor_trim_smithing_template":1,"minecraft:wind_charge":8,"minecraft:leather_boots":1,"minecraft:beef":4,"minecraft:warped_wart_block":1,"minecraft:crying_obsidian":11,"minecraft:enchanted_book":2,"minecraft:iron_ingot":52,"minecraft:black_dye":1,"minecraft:wheat_seeds":19,"minecraft:deepslate_brick_wall":64,"minecraft:cobblestone":30,"minecraft:book":73,"minecraft:apple":7,"minecraft:granite":4,"minecraft:coal":3,"minecraft:golden_apple":3,"minecraft:oxeye_daisy":1,"minecraft:golden_carrot":39,"minecraft:wooden_axe":2,"minecraft:cherry_planks":123,"minecraft:diamond_helmet":3,"minecraft:potion":3,"minecraft:string":123,"minecraft:moss_carpet":1,"minecraft:cherry_slab":42,"minecraft:name_tag":1,"minecraft:nether_bricks":2,"minecraft:shears":2,"minecraft:diamond_sword":12,"minecraft:potato":1,"minecraft:spruce_boat":1,"minecraft:diamond_pickaxe":4,"minecraft:yellow_bed":2,"minecraft:redstone_torch":2,"minecraft:stone_bricks":4,"minecraft:spider_eye":11,"minecraft:birch_boat":2,"minecraft:bow":8,"minecraft:birch_planks":1,"minecraft:diamond_axe":4,"minecraft:warped_fungus":2,"minecraft:baked_potato":16,"minecraft:ender_pearl":2,"minecraft:decorated_pot":2,"minecraft:netherite_upgrade_smithing_template":3,"minecraft:lantern":3,"minecraft:leather":2,"minecraft:cobblestone_stairs":2,"minecraft:cracked_polished_blackstone_bricks":5,"minecraft:cornflower":1,"minecraft:gilded_blackstone":1,"minecraft:gravel":11,"minecraft:blackstone":1,"minecraft:twisting_vines":2,"minecraft:diamond_shovel":4,"minecraft:honey_bottle":6,"minecraft:carrot":37,"minecraft:shulker_shell":11,"minecraft:trident":1,"minecraft:gunpowder":9,"minecraft:basalt":12,"minecraft:splash_potion":4,"minecraft:netherrack":105,"minecraft:firework_rocket":4,"minecraft:water_bucket":2,"minecraft:bread":6,"minecraft:diamond_leggings":2,"minecraft:lead":4,"minecraft:ominous_trial_key":4,"minecraft:grass_block":106,"minecraft:stick":10,"minecraft:torch":9,"minecraft:iron_door":4,"minecraft:fire_charge":12,"minecraft:iron_axe":1,"minecraft:pink_petals":2,"minecraft:dandelion":6,"minecraft:smooth_basalt":37,"minecraft:tuff_bricks":12,"minecraft:nether_wart":3,"minecraft:blaze_rod":1,"minecraft:raw_copper":5,"minecraft:tuff":92,"minecraft:shulker_box":2,"minecraft:flint_and_steel":1,"minecraft:deepslate_bricks":107,"minecraft:shield":3,"minecraft:trial_key":7,"minecraft:diamond_chestplate":6,"minecraft:dragon_egg":1,"minecraft:andesite":1,"minecraft:golden_leggings":2,"minecraft:oak_boat":2,"minecraft:diamond_boots":4,"minecraft:magma_cream":1,"minecraft:calcite":1,"minecraft:brick":8}},"DataVersion":3953}