{"stats":{"minecraft:used":{"minecraft:tuff_bricks":38,"minecraft:chiseled_tuff":1,"minecraft:dispenser":12,"minecraft:elytra":7,"minecraft:chest":23,"minecraft:soul_sand":47,"minecraft:spruce_boat":2,"minecraft:packed_ice":139,"minecraft:lava_bucket":1,"minecraft:cherry_leaves":438,"minecraft:cherry_button":7,"minecraft:bow":586,"minecraft:furnace":7,"minecraft:deepslate_brick_wall":143,"minecraft:diorite":1,"minecraft:wooden_pickaxe":3,"minecraft:golden_apple":4,"minecraft:sand":5,"minecraft:blast_furnace":1,"minecraft:deepslate_brick_stairs":12,"minecraft:crying_obsidian":6,"minecraft:lectern":42,"minecraft:cherry_sign":1,"minecraft:diamond_sword":2375,"minecraft:wooden_sword":45,"minecraft:oak_boat":7,"minecraft:enchanting_table":1,"minecraft:stone_sword":3,"minecraft:trial_key":9,"minecraft:netherrack":145,"minecraft:torch":65,"minecraft:dragon_egg":1,"minecraft:brewing_stand":3,"minecraft:warped_wart_block":1,"minecraft:anvil":2,"minecraft:twisting_vines":1,"minecraft:chipped_anvil":2,"minecraft:iron_axe":35,"minecraft:cherry_slab":5,"minecraft:smooth_basalt":2,"minecraft:diamond_chestplate":1,"minecraft:basalt":1,"minecraft:cherry_log":4,"minecraft:cobbled_deepslate":357,"minecraft:observer":12,"minecraft:water_bucket":78,"minecraft:cherry_planks":475,"minecraft:fletching_table":17,"minecraft:deepslate_bricks":1356,"minecraft:mossy_cobblestone":1,"minecraft:crafting_table":11,"minecraft:white_bed":12,"minecraft:diamond_pickaxe":3407,"minecraft:ominous_trial_key":5,"minecraft:diamond_shovel":281,"minecraft:wind_charge":59,"minecraft:iron_pickaxe":241,"minecraft:cobblestone":252,"minecraft:potion":9,"minecraft:cooked_porkchop":8,"minecraft:tuff_slab":8,"minecraft:cherry_sapling":12,"minecraft:decorated_pot":2,"minecraft:shield":580,"minecraft:iron_sword":209,"minecraft:nether_wart":46,"minecraft:mutton":16,"minecraft:nether_bricks":34,"minecraft:carrot":348,"minecraft:tuff":51,"minecraft:obsidian":2,"minecraft:honey_bottle":2,"minecraft:iron_helmet":1,"minecraft:stone_bricks":1,"minecraft:repeater":12,"minecraft:hay_block":14,"minecraft:diamond_boots":1,"minecraft:stone_pickaxe":38,"minecraft:oak_planks":29,"minecraft:ender_pearl":26,"minecraft:diamond_axe":802,"minecraft:white_wool":6,"minecraft:crossbow":15,"minecraft:end_stone":18,"minecraft:shears":476,"minecraft:sticky_piston":4,"minecraft:redstone_torch":38,"minecraft:lever":14,"minecraft:firework_rocket":74,"minecraft:bread":107,"minecraft:iron_door":2,"minecraft:gravel":14,"minecraft:andesite":27,"minecraft:air":2,"minecraft:bone_meal":95,"minecraft:cherry_boat":10,"minecraft:trident":72,"minecraft:flint_and_steel":35,"minecraft:redstone":136,"minecraft:stone_hoe":7,"minecraft:cooked_chicken":2,"minecraft:oak_door":2,"minecraft:dirt":424,"minecraft:hopper":20,"minecraft:shulker_box":19,"minecraft:wooden_axe":48,"minecraft:bookshelf":48,"minecraft:oak_stairs":5,"minecraft:golden_carrot":74,"minecraft:cooked_beef":19,"minecraft:cooked_mutton":12,"minecraft:amethyst_block":4,"minecraft:glass_bottle":9,"minecraft:baked_potato":24,"minecraft:birch_boat":11,"minecraft:cobblestone_slab":22,"minecraft:smoker":4,"minecraft:tuff_brick_slab":4,"minecraft:stone_axe":30,"minecraft:cherry_stairs":4,"minecraft:bucket":86,"minecraft:yellow_bed":4,"minecraft:splash_potion":1},"minecraft:crafted":{"minecraft:black_dye":3,"minecraft:oak_pressure_plate":1,"minecraft:blaze_powder":2,"minecraft:lever":3,"minecraft:bookshelf":50,"minecraft:shulker_box":4,"minecraft:cooked_mutton":11,"minecraft:glass":9,"minecraft:diamond_helmet":2,"minecraft:repeater":2,"minecraft:diamond_leggings":4,"minecraft:iron_door":6,"minecraft:glass_bottle":3,"minecraft:emerald":65,"minecraft:cooked_porkchop":4,"minecraft:diamond_axe":3,"minecraft:sticky_piston":2,"minecraft:fletching_table":1,"minecraft:lectern":2,"minecraft:cherry_sign":3,"minecraft:iron_pickaxe":1,"minecraft:iron_block":6,"minecraft:gold_ingot":80,"minecraft:light_gray_dye":1,"minecraft:golden_carrot":142,"minecraft:wind_charge":8,"minecraft:bone_meal":333,"minecraft:polished_tuff":28,"minecraft:tuff_slab":6,"minecraft:cherry_stairs":4,"minecraft:stone_pickaxe":1,"minecraft:diamond_boots":2,"minecraft:wheat":227,"minecraft:coal_block":4,"minecraft:enchanted_book":3,"minecraft:golden_apple":2,"minecraft:fermented_spider_eye":2,"minecraft:wooden_axe":2,"minecraft:iron_shovel":1,"minecraft:white_bed":2,"minecraft:oak_planks":768,"minecraft:cobblestone_slab":12,"minecraft:cherry_slab":6,"minecraft:cherry_boat":4,"minecraft:stone":6,"minecraft:hopper":8,"minecraft:bow":5,"minecraft:iron_boots":1,"minecraft:chest":33,"minecraft:stone_hoe":1,"minecraft:ender_eye":1,"minecraft:white_banner":2,"minecraft:oak_slab":12,"minecraft:arrow":688,"minecraft:crafting_table":11,"minecraft:wooden_pickaxe":1,"minecraft:iron_helmet":1,"minecraft:cherry_button":5,"minecraft:birch_planks":8,"minecraft:dispenser":2,"minecraft:book":1,"minecraft:paper":9,"minecraft:diamond_pickaxe":4,"minecraft:shield":14,"minecraft:stick":1668,"minecraft:iron_ingot":26,"minecraft:redstone_torch":7,"minecraft:deepslate_bricks":308,"minecraft:tuff_brick_slab":6,"minecraft:shears":2,"minecraft:cherry_planks":1252,"minecraft:wooden_sword":1,"minecraft:coal":9,"minecraft:tuff_bricks":28,"minecraft:furnace":2,"minecraft:piston":2,"minecraft:flint_and_steel":1,"minecraft:polished_deepslate":308,"minecraft:iron_axe":1,"minecraft:slime_ball":9,"minecraft:observer":1,"minecraft:cooked_beef":11,"minecraft:sugar":2,"minecraft:red_dye":2,"minecraft:diamond_sword":4,"minecraft:iron_sword":1,"minecraft:bucket":8,"minecraft:stone_axe":1,"minecraft:bread":75,"minecraft:air":0,"minecraft:oak_boat":4,"minecraft:white_wool":6,"minecraft:gold_nugget":1136,"minecraft:anvil":2,"minecraft:torch":60,"minecraft:diamond_chestplate":3,"minecraft:firework_rocket":66},"minecraft:picked_up":{"minecraft:wooden_axe":2,"minecraft:flower_pot":2,"minecraft:oak_stairs":10,"minecraft:diamond_sword":27,"minecraft:lead":8,"minecraft:enchanted_book":30,"minecraft:brewing_stand":4,"minecraft:amethyst_block":68,"minecraft:string":316,"minecraft:shroomlight":1,"minecraft:cherry_boat":8,"minecraft:diamond_leggings":16,"minecraft:gold_nugget":43,"minecraft:cobbled_deepslate":1679,"minecraft:trial_key":17,"minecraft:enchanted_golden_apple":1,"minecraft:coal_block":8,"minecraft:golden_helmet":2,"minecraft:composter":1,"minecraft:cherry_log":259,"minecraft:stone_sword":4,"minecraft:honey_bottle":11,"minecraft:blaze_rod":18,"minecraft:birch_log":2,"minecraft:water_bucket":14,"minecraft:feather":6,"minecraft:cooked_beef":26,"minecraft:cherry_leaves":489,"minecraft:iron_door":8,"minecraft:smoker":4,"minecraft:flint":6,"minecraft:twisting_vines":15,"minecraft:chipped_anvil":2,"minecraft:diamond_helmet":19,"minecraft:glowstone_dust":1,"minecraft:warped_wart_block":7,"minecraft:ink_sac":3,"minecraft:dispenser":14,"minecraft:lever":19,"minecraft:granite":25,"minecraft:bread":114,"minecraft:chainmail_helmet":1,"minecraft:cherry_slab":43,"minecraft:ominous_trial_key":9,"minecraft:diamond_pickaxe":24,"minecraft:crafting_table":2,"minecraft:tuff_brick_slab":2,"minecraft:ominous_bottle":2,"minecraft:nether_wart":229,"minecraft:clay_ball":1,"minecraft:leather_leggings":1,"minecraft:music_disc_creator":1,"minecraft:wind_charge":55,"minecraft:cornflower":1,"minecraft:flow_banner_pattern":5,"minecraft:elytra":11,"minecraft:flint_and_steel":3,"minecraft:beef":17,"minecraft:chiseled_tuff":1,"minecraft:poppy":13,"minecraft:guster_pottery_sherd":6,"minecraft:chest":5,"minecraft:cherry_button":7,"minecraft:waxed_oxidized_copper":2,"minecraft:oak_door":2,"minecraft:flow_pottery_sherd":1,"minecraft:carrot":879,"minecraft:redstone":721,"minecraft:music_disc_creator_music_box":1,"minecraft:diamond_chestplate":14,"minecraft:decorated_pot":7,"minecraft:diamond_boots":20,"minecraft:shears":2,"minecraft:deepslate_bricks":1199,"minecraft:hay_block":58,"minecraft:gold_ingot":3,"minecraft:tuff_bricks":39,"minecraft:mutton":35,"minecraft:bone_block":9,"minecraft:white_wool":21,"minecraft:rail":20,"minecraft:stripped_oak_log":36,"minecraft:oak_log":156,"minecraft:paper":12,"minecraft:apple":5,"minecraft:stone_bricks":5,"minecraft:warped_stem":2,"minecraft:glass_bottle":5,"minecraft:iron_sword":3,"minecraft:smooth_basalt":4,"minecraft:gravel":35,"minecraft:crying_obsidian":1,"minecraft:polished_tuff":1,"minecraft:dragon_egg":2,"minecraft:leather_helmet":1,"minecraft:firework_rocket":53,"minecraft:diamond_shovel":13,"minecraft:slime_ball":27,"minecraft:diamond_axe":17,"minecraft:gray_wool":3,"minecraft:warped_roots":29,"minecraft:baked_potato":11,"minecraft:warped_nylium":1,"minecraft:hopper":10,"minecraft:ender_pearl":881,"minecraft:wheat":1,"minecraft:potion":3,"minecraft:gilded_blackstone":1,"minecraft:raw_copper":2,"minecraft:smooth_stone_slab":1,"minecraft:sticky_piston":4,"minecraft:bucket":4,"minecraft:red_dye":2,"minecraft:redstone_torch":44,"minecraft:cobblestone_slab":13,"minecraft:calcite":6,"minecraft:iron_pickaxe":1,"minecraft:iron_boots":2,"minecraft:furnace":6,"minecraft:tipped_arrow":70,"minecraft:stick":120,"minecraft:deepslate_brick_wall":245,"minecraft:torch":100,"minecraft:porkchop":8,"minecraft:diorite":27,"minecraft:rotten_flesh":227,"minecraft:deepslate_brick_stairs":2,"minecraft:obsidian":3,"minecraft:blaze_powder":27,"minecraft:cobblestone":491,"minecraft:enchanting_table":1,"minecraft:pink_petals":3,"minecraft:repeater":13,"minecraft:magma_cream":35,"minecraft:cherry_planks":441,"minecraft:andesite":46,"minecraft:golden_leggings":2,"minecraft:potato":2,"minecraft:tuff":219,"minecraft:wither_skeleton_skull":4,"minecraft:lapis_lazuli":465,"minecraft:dirt":508,"minecraft:leather_boots":11,"minecraft:bone":314,"minecraft:bow":33,"minecraft:wheat_seeds":60,"minecraft:deepslate_brick_slab":46,"minecraft:raw_gold":29,"minecraft:bolt_armor_trim_smithing_template":2,"minecraft:fletching_table":19,"minecraft:stone_hoe":2,"minecraft:oak_planks":49,"minecraft:cooked_porkchop":13,"minecraft:sand":14,"minecraft:nether_brick_stairs":8,"minecraft:grass_block":46,"minecraft:mossy_cobblestone":1,"minecraft:shulker_box":21,"minecraft:sugar":4,"minecraft:clay":1,"minecraft:diamond":181,"minecraft:spruce_boat":3,"minecraft:waxed_oxidized_copper_grate":1,"minecraft:cracked_polished_blackstone_bricks":5,"minecraft:crossbow":4,"minecraft:breeze_rod":27,"minecraft:golden_apple":7,"minecraft:emerald":113,"minecraft:oak_sapling":9,"minecraft:netherrack":308,"minecraft:azure_bluet":1,"minecraft:chicken":2,"minecraft:packed_ice":13,"minecraft:brown_mushroom":2,"minecraft:gold_block":4,"minecraft:shield":25,"minecraft:brick":71,"minecraft:moss_carpet":1,"minecraft:iron_axe":3,"minecraft:wooden_sword":2,"minecraft:blackstone":4,"minecraft:oak_boat":4,"minecraft:observer":14,"minecraft:light_gray_wool":2,"minecraft:lectern":41,"minecraft:sugar_cane":15,"minecraft:cherry_trapdoor":8,"minecraft:raw_iron":158,"minecraft:end_stone":145,"minecraft:cherry_stairs":2,"minecraft:polished_blackstone_bricks":2,"minecraft:trident":4,"minecraft:arrow":1156,"minecraft:nether_bricks":55,"minecraft:basalt":41,"minecraft:golden_carrot":26,"minecraft:glow_ink_sac":3,"minecraft:leather":21,"minecraft:birch_planks":8,"minecraft:waxed_copper_block":3,"minecraft:yellow_bed":7,"minecraft:gunpowder":59,"minecraft:cobblestone_stairs":2,"minecraft:cooked_mutton":1,"minecraft:iron_ingot":202,"minecraft:cooked_chicken":6,"minecraft:soul_sand":106,"minecraft:book":1436,"minecraft:warped_fungus":3,"minecraft:emerald_block":1,"minecraft:birch_boat":12,"minecraft:dandelion":10,"minecraft:quartz":83,"minecraft:lava_bucket":3,"minecraft:tuff_slab":4,"minecraft:blast_furnace":1,"minecraft:white_bed":15,"minecraft:spider_eye":32,"minecraft:chainmail_leggings":1,"minecraft:iron_helmet":2,"minecraft:cherry_sapling":58,"minecraft:black_wool":3,"minecraft:coal":141},"minecraft:custom":{"minecraft:interact_with_crafting_table":206,"minecraft:open_barrel":8,"minecraft:leave_game":16,"minecraft:time_since_death":36398,"minecraft:damage_blocked_by_shield":25219,"minecraft:play_time":1503203,"minecraft:deaths":35,"minecraft:jump":18492,"minecraft:enchant_item":69,"minecraft:interact_with_furnace":89,"minecraft:traded_with_villager":98,"minecraft:sleep_in_bed":27,"minecraft:damage_dealt":94807,"minecraft:interact_with_smoker":14,"minecraft:inspect_dispenser":48,"minecraft:interact_with_smithing_table":1,"minecraft:interact_with_anvil":56,"minecraft:inspect_hopper":39,"minecraft:sneak_time":65685,"minecraft:interact_with_blast_furnace":42,"minecraft:total_world_time":1503203,"minecraft:time_since_rest":18199,"minecraft:fly_one_cm":4084981,"minecraft:swim_one_cm":238803,"minecraft:open_chest":1669,"minecraft:fall_one_cm":385488,"minecraft:open_shulker_box":137,"minecraft:sprint_one_cm":3573346,"minecraft:drop":389,"minecraft:talked_to_villager":246,"minecraft:interact_with_brewingstand":17,"minecraft:walk_on_water_one_cm":178287,"minecraft:interact_with_loom":10,"minecraft:open_enderchest":104,"minecraft:player_kills":1,"minecraft:crouch_one_cm":193258,"minecraft:mob_kills":4745,"minecraft:climb_one_cm":22395,"minecraft:walk_one_cm":3846512,"minecraft:walk_under_water_one_cm":167563,"minecraft:boat_one_cm":663686,"minecraft:damage_taken":30857,"minecraft:damage_absorbed":58,"minecraft:aviate_one_cm":2510547},"minecraft:broken":{"minecraft:shears":2,"minecraft:diamond_pickaxe":1,"minecraft:iron_sword":1,"minecraft:stone_sword":1,"minecraft:shield":4,"minecraft:wooden_axe":1,"minecraft:diamond_sword":1},"minecraft:mined":{"minecraft:white_bed":11,"minecraft:cherry_log":226,"minecraft:obsidian":1,"minecraft:granite":24,"minecraft:deepslate_bricks":316,"minecraft:hopper":12,"minecraft:nether_wart":28,"minecraft:polished_blackstone_bricks":2,"minecraft:fire":48,"minecraft:sticky_piston":4,"minecraft:cobbled_deepslate":92,"minecraft:deepslate_lapis_ore":12,"minecraft:fletching_table":18,"minecraft:nether_brick_stairs":2,"minecraft:enchanting_table":1,"minecraft:twisting_vines":1,"minecraft:dirt_path":5,"minecraft:oak_stairs":7,"minecraft:deepslate_brick_stairs":2,"minecraft:tripwire":1,"minecraft:brown_mushroom":2,"minecraft:smoker":4,"minecraft:deepslate_brick_wall":5,"minecraft:torch":14,"minecraft:blast_furnace":2,"minecraft:sugar_cane":13,"minecraft:amethyst_block":71,"minecraft:cherry_slab":3,"minecraft:repeater":11,"minecraft:wheat":1,"minecraft:waxed_copper_block":3,"minecraft:cherry_button":2,"minecraft:smooth_basalt":2,"minecraft:deepslate":1528,"minecraft:mossy_cobblestone":1,"minecraft:cherry_sapling":1,"minecraft:shulker_box":17,"minecraft:end_stone":7,"minecraft:nether_bricks":47,"minecraft:redstone_wire":103,"minecraft:redstone_ore":3,"minecraft:andesite":51,"minecraft:chiseled_tuff":1,"minecraft:cobblestone_slab":14,"minecraft:rail":9,"minecraft:warped_stem":2,"minecraft:bone_block":2,"minecraft:white_wool":4,"minecraft:glass_pane":1,"minecraft:cherry_planks":130,"minecraft:soul_sand":46,"minecraft:observer":12,"minecraft:dandelion":2,"minecraft:tuff_slab":3,"minecraft:short_grass":187,"minecraft:warped_roots":25,"minecraft:tall_grass":32,"minecraft:deepslate_gold_ore":15,"minecraft:diorite":11,"minecraft:warped_wart_block":7,"minecraft:gravel":27,"minecraft:cobweb":69,"minecraft:stone_bricks":6,"minecraft:chipped_anvil":2,"minecraft:spruce_planks":2,"minecraft:brewing_stand":3,"minecraft:cherry_trapdoor":8,"minecraft:budding_amethyst":1,"minecraft:grass_block":91,"minecraft:cracked_polished_blackstone_bricks":5,"minecraft:composter":1,"minecraft:tuff_bricks":36,"minecraft:gilded_blackstone":1,"minecraft:iron_ore":24,"minecraft:azure_bluet":2,"minecraft:deepslate_redstone_ore":24,"minecraft:blackstone":5,"minecraft:twisting_vines_plant":3,"minecraft:clay":3,"minecraft:calcite":6,"minecraft:chest":3,"minecraft:cobblestone":113,"minecraft:oak_planks":21,"minecraft:iron_door":3,"minecraft:wall_torch":25,"minecraft:pink_petals":1,"minecraft:seagrass":1,"minecraft:warped_nylium":46,"minecraft:birch_log":2,"minecraft:light_gray_wool":1,"minecraft:smooth_stone_slab":2,"minecraft:oak_log":158,"minecraft:waxed_oxidized_copper":2,"minecraft:dirt":285,"minecraft:sand":19,"minecraft:dispenser":10,"minecraft:netherrack":167,"minecraft:oak_leaves":36,"minecraft:nether_gold_ore":6,"minecraft:diamond_ore":6,"minecraft:crying_obsidian":2,"minecraft:tuff":275,"minecraft:deepslate_diamond_ore":33,"minecraft:oak_door":2,"minecraft:lever":13,"minecraft:glow_lichen":1,"minecraft:decorated_pot":15,"minecraft:hay_block":41,"minecraft:furnace":6,"minecraft:carrots":100,"minecraft:nether_sprouts":8,"minecraft:gold_block":1,"minecraft:bookshelf":95,"minecraft:shroomlight":1,"minecraft:deepslate_iron_ore":51,"minecraft:stripped_oak_log":36,"minecraft:packed_ice":14,"minecraft:stone":332,"minecraft:cherry_stairs":2,"minecraft:redstone_wall_torch":5,"minecraft:infested_stone_bricks":2,"minecraft:basalt":41,"minecraft:crafting_table":1,"minecraft:lectern":41,"minecraft:waxed_oxidized_copper_grate":3,"minecraft:redstone_torch":31,"minecraft:yellow_bed":6,"minecraft:coal_ore":85,"minecraft:cherry_leaves":517,"minecraft:cracked_stone_bricks":1,"minecraft:mossy_stone_bricks":3},"minecraft:killed_by":{"minecraft:zombie":3,"minecraft:wither_skeleton":6,"minecraft:creeper":6,"minecraft:blaze":3,"minecraft:player":4,"minecraft:enderman":2,"minecraft:iron_golem":1,"minecraft:skeleton":6},"minecraft:killed":{"minecraft:cave_spider":9,"minecraft:skeleton":114,"minecraft:chicken":2,"minecraft:magma_cube":24,"minecraft:iron_golem":6,"minecraft:zombie":126,"minecraft:glow_squid":1,"minecraft:cow":8,"minecraft:breeze":9,"minecraft:enderman":4149,"minecraft:zombified_piglin":2,"minecraft:witch":1,"minecraft:spider":87,"minecraft:silverfish":14,"minecraft:piglin_brute":1,"minecraft:pig":6,"minecraft:zombie_villager":2,"minecraft:creeper":49,"minecraft:sheep":19,"minecraft:trader_llama":3,"minecraft:blaze":60,"minecraft:slime":21,"minecraft:phantom":2,"minecraft:drowned":4,"minecraft:squid":1,"minecraft:wither_skeleton":15,"minecraft:villager":5},"minecraft:dropped":{"minecraft:iron_sword":1,"minecraft:ominous_bottle":2,"minecraft:lapis_lazuli":16,"minecraft:oak_pressure_plate":1,"minecraft:cooked_beef":2,"minecraft:glass_bottle":1,"minecraft:diamond":73,"minecraft:crafting_table":1,"minecraft:cooked_porkchop":4,"minecraft:crossbow":1,"minecraft:warped_roots":28,"minecraft:elytra":2,"minecraft:leather_helmet":1,"minecraft:music_disc_creator_music_box":1,"minecraft:emerald":52,"minecraft:dirt":52,"minecraft:cherry_button":4,"minecraft:gold_nugget":14,"minecraft:bone_meal":59,"minecraft:sugar":1,"minecraft:fermented_spider_eye":2,"minecraft:white_wool":1,"minecraft:bone":10,"minecraft:cherry_boat":1,"minecraft:lever":1,"minecraft:cooked_chicken":4,"minecraft:cobbled_deepslate":578,"minecraft:rotten_flesh":21,"minecraft:oak_planks":8,"minecraft:white_bed":1,"minecraft:waxed_copper_block":1,"minecraft:eye_armor_trim_smithing_template":1,"minecraft:wind_charge":8,"minecraft:beef":4,"minecraft:warped_wart_block":1,"minecraft:crying_obsidian":11,"minecraft:enchanted_book":2,"minecraft:iron_ingot":52,"minecraft:black_dye":1,"minecraft:wheat_seeds":3,"minecraft:deepslate_brick_wall":64,"minecraft:cobblestone":26,"minecraft:apple":7,"minecraft:granite":4,"minecraft:golden_apple":3,"minecraft:golden_carrot":39,"minecraft:wooden_axe":2,"minecraft:cherry_planks":90,"minecraft:diamond_helmet":3,"minecraft:potion":3,"minecraft:string":121,"minecraft:moss_carpet":1,"minecraft:cherry_slab":42,"minecraft:nether_bricks":2,"minecraft:shears":2,"minecraft:diamond_sword":9,"minecraft:potato":1,"minecraft:spruce_boat":1,"minecraft:diamond_pickaxe":3,"minecraft:yellow_bed":2,"minecraft:redstone_torch":2,"minecraft:spider_eye":10,"minecraft:stone_bricks":4,"minecraft:birch_boat":1,"minecraft:bow":8,"minecraft:birch_planks":1,"minecraft:diamond_axe":3,"minecraft:warped_fungus":2,"minecraft:baked_potato":16,"minecraft:ender_pearl":1,"minecraft:decorated_pot":2,"minecraft:netherite_upgrade_smithing_template":1,"minecraft:lantern":3,"minecraft:leather":2,"minecraft:cracked_polished_blackstone_bricks":5,"minecraft:gilded_blackstone":1,"minecraft:gravel":11,"minecraft:blackstone":1,"minecraft:twisting_vines":2,"minecraft:diamond_shovel":2,"minecraft:honey_bottle":6,"minecraft:carrot":32,"minecraft:shulker_shell":11,"minecraft:trident":1,"minecraft:gunpowder":9,"minecraft:basalt":12,"minecraft:splash_potion":2,"minecraft:firework_rocket":4,"minecraft:water_bucket":2,"minecraft:bread":6,"minecraft:diamond_leggings":2,"minecraft:lead":4,"minecraft:ominous_trial_key":4,"minecraft:stick":6,"minecraft:torch":9,"minecraft:iron_door":4,"minecraft:fire_charge":12,"minecraft:iron_axe":1,"minecraft:nether_wart":3,"minecraft:blaze_rod":1,"minecraft:tuff":92,"minecraft:shulker_box":2,"minecraft:flint_and_steel":1,"minecraft:deepslate_bricks":107,"minecraft:shield":3,"minecraft:trial_key":7,"minecraft:diamond_chestplate":6,"minecraft:dragon_egg":1,"minecraft:andesite":1,"minecraft:golden_leggings":1,"minecraft:diamond_boots":4,"minecraft:magma_cream":1,"minecraft:brick":8}},"DataVersion":3953}