{"stats":{"minecraft:mined":{"minecraft:pumpkin":1},"minecraft:custom":{"minecraft:time_since_rest":15255,"minecraft:open_chest":27,"minecraft:crouch_one_cm":57,"minecraft:open_enderchest":1,"minecraft:play_time":16552,"minecraft:sprint_one_cm":28789,"minecraft:walk_one_cm":58804,"minecraft:damage_taken":370,"minecraft:deaths":1,"minecraft:sneak_time":37,"minecraft:walk_under_water_one_cm":2497,"minecraft:jump":125,"minecraft:leave_game":1,"minecraft:time_since_death":15215,"minecraft:walk_on_water_one_cm":4414,"minecraft:total_world_time":16552,"minecraft:fly_one_cm":20500,"minecraft:swim_one_cm":86294,"minecraft:interact_with_crafting_table":5,"minecraft:fall_one_cm":3973},"minecraft:picked_up":{"minecraft:pumpkin":1},"minecraft:killed_by":{"minecraft:skeleton":1},"minecraft:crafted":{"minecraft:diamond_boots":1,"minecraft:diamond_sword":1,"minecraft:diamond_helmet":1,"minecraft:diamond_leggings":1,"minecraft:diamond_pickaxe":1,"minecraft:diamond_axe":1,"minecraft:stick":8,"minecraft:diamond_chestplate":1}},"DataVersion":3953}