{"stats":{"minecraft:used":{"minecraft:shield":213,"minecraft:iron_sword":171,"minecraft:rotten_flesh":5,"minecraft:iron_chestplate":3,"minecraft:mutton":6,"minecraft:carrot":176,"minecraft:spruce_boat":3,"minecraft:packed_ice":2,"minecraft:warped_nylium":1,"minecraft:iron_helmet":2,"minecraft:bow":16,"minecraft:sweet_berries":11,"minecraft:furnace":5,"minecraft:diorite":3,"minecraft:diamond_boots":1,"minecraft:stone_pickaxe":36,"minecraft:oak_planks":4,"minecraft:blackstone":6,"minecraft:ender_pearl":19,"minecraft:wooden_pickaxe":54,"minecraft:composter":4,"minecraft:blue_bed":1,"minecraft:diamond_axe":111,"minecraft:bread":53,"minecraft:diamond_sword":1528,"minecraft:wooden_sword":20,"minecraft:oak_boat":27,"minecraft:spruce_planks":1,"minecraft:cooked_chicken":3,"minecraft:netherrack":97,"minecraft:oak_door":14,"minecraft:torch":11,"minecraft:brewing_stand":1,"minecraft:dirt":60,"minecraft:shulker_box":8,"minecraft:wooden_axe":35,"minecraft:iron_boots":2,"minecraft:soul_soil":3,"minecraft:cooked_beef":9,"minecraft:cobbled_deepslate":21,"minecraft:iron_leggings":2,"minecraft:cooked_mutton":4,"minecraft:water_bucket":18,"minecraft:warped_stem":16,"minecraft:baked_potato":47,"minecraft:birch_boat":4,"minecraft:cherry_planks":20,"minecraft:cobblestone_slab":4,"minecraft:crafting_table":14,"minecraft:white_bed":8,"minecraft:warped_planks":28,"minecraft:smoker":2,"minecraft:oak_log":3,"minecraft:diamond_pickaxe":396,"minecraft:black_wool":1,"minecraft:diamond_shovel":349,"minecraft:wind_charge":6,"minecraft:iron_pickaxe":360,"minecraft:stone_axe":30,"minecraft:cobblestone":258,"minecraft:cooked_porkchop":7,"minecraft:bucket":20,"minecraft:yellow_bed":20,"minecraft:diamond_leggings":1},"minecraft:killed":{"minecraft:witch":1,"minecraft:spider":19,"minecraft:skeleton":39,"minecraft:chicken":7,"minecraft:skeleton_horse":2,"minecraft:magma_cube":2,"minecraft:pig":4,"minecraft:iron_golem":3,"minecraft:creeper":8,"minecraft:sheep":62,"minecraft:trader_llama":1,"minecraft:zombie":57,"minecraft:blaze":29,"minecraft:cow":5,"minecraft:phantom":1,"minecraft:drowned":1,"minecraft:wither_skeleton":11,"minecraft:villager":2,"minecraft:enderman":1249},"minecraft:broken":{"minecraft:shield":1,"minecraft:iron_pickaxe":1},"minecraft:custom":{"minecraft:interact_with_crafting_table":65,"minecraft:open_shulker_box":26,"minecraft:leave_game":22,"minecraft:time_since_death":2662,"minecraft:sprint_one_cm":1402101,"minecraft:damage_blocked_by_shield":10318,"minecraft:drop":112,"minecraft:talked_to_villager":18,"minecraft:play_time":441541,"minecraft:deaths":16,"minecraft:jump":9294,"minecraft:interact_with_brewingstand":2,"minecraft:walk_on_water_one_cm":102513,"minecraft:enchant_item":24,"minecraft:interact_with_furnace":77,"minecraft:sleep_in_bed":8,"minecraft:open_enderchest":2,"minecraft:damage_dealt":62936,"minecraft:player_kills":3,"minecraft:crouch_one_cm":4545,"minecraft:interact_with_smoker":40,"minecraft:mob_kills":1506,"minecraft:interact_with_anvil":14,"minecraft:inspect_hopper":3,"minecraft:interact_with_campfire":9,"minecraft:climb_one_cm":2026,"minecraft:walk_one_cm":872782,"minecraft:sneak_time":3266,"minecraft:walk_under_water_one_cm":53452,"minecraft:boat_one_cm":842874,"minecraft:interact_with_blast_furnace":5,"minecraft:total_world_time":441541,"minecraft:time_since_rest":2695,"minecraft:damage_taken":16117,"minecraft:swim_one_cm":374733,"minecraft:fly_one_cm":1951081,"minecraft:open_chest":246,"minecraft:fall_one_cm":231482},"minecraft:mined":{"minecraft:white_bed":9,"minecraft:cherry_log":46,"minecraft:brewing_stand":2,"minecraft:obsidian":6,"minecraft:granite":52,"minecraft:grass_block":105,"minecraft:soul_soil":4,"minecraft:deepslate_bricks":3,"minecraft:cobbled_deepslate":9,"minecraft:fire":11,"minecraft:iron_ore":31,"minecraft:deepslate_lapis_ore":1,"minecraft:dirt_path":5,"minecraft:blackstone":7,"minecraft:kelp_plant":22,"minecraft:smoker":2,"minecraft:torch":2,"minecraft:calcite":5,"minecraft:nether_quartz_ore":9,"minecraft:cobblestone":80,"minecraft:oak_planks":13,"minecraft:sugar_cane":2,"minecraft:amethyst_block":4,"minecraft:pink_petals":2,"minecraft:white_terracotta":1,"minecraft:warped_nylium":14,"minecraft:birch_log":6,"minecraft:wheat":6,"minecraft:oak_log":48,"minecraft:dirt":119,"minecraft:smooth_basalt":3,"minecraft:netherrack":98,"minecraft:oak_leaves":8,"minecraft:deepslate":46,"minecraft:tuff":1,"minecraft:mossy_cobblestone":2,"minecraft:deepslate_diamond_ore":2,"minecraft:oak_door":11,"minecraft:shulker_box":8,"minecraft:kelp":8,"minecraft:hay_block":38,"minecraft:furnace":4,"minecraft:snow":4,"minecraft:andesite":14,"minecraft:bell":1,"minecraft:potatoes":1,"minecraft:cobblestone_slab":5,"minecraft:deepslate_iron_ore":49,"minecraft:warped_stem":25,"minecraft:packed_ice":128,"minecraft:stone":251,"minecraft:glass_pane":1,"minecraft:cherry_planks":1,"minecraft:soul_sand":1,"minecraft:snow_block":11,"minecraft:crafting_table":10,"minecraft:short_grass":117,"minecraft:warped_roots":3,"minecraft:rose_bush":3,"minecraft:copper_ore":2,"minecraft:tall_grass":12,"minecraft:lapis_ore":1,"minecraft:blue_bed":1,"minecraft:diorite":3,"minecraft:warped_wart_block":3,"minecraft:sweet_berry_bush":2,"minecraft:birch_leaves":1,"minecraft:bee_nest":1,"minecraft:yellow_bed":19,"minecraft:coal_ore":35,"minecraft:dripstone_block":7,"minecraft:gravel":2,"minecraft:gold_ore":9},"minecraft:picked_up":{"minecraft:wooden_axe":3,"minecraft:iron_chestplate":2,"minecraft:wheat":68,"minecraft:diamond_sword":10,"minecraft:brewing_stand":2,"minecraft:string":30,"minecraft:soul_soil":4,"minecraft:iron_leggings":2,"minecraft:cherry_boat":1,"minecraft:diamond_leggings":7,"minecraft:cobbled_deepslate":48,"minecraft:bucket":2,"minecraft:spruce_planks":26,"minecraft:rose_bush":1,"minecraft:cobblestone_slab":6,"minecraft:wooden_shovel":1,"minecraft:iron_pickaxe":2,"minecraft:iron_boots":2,"minecraft:furnace":4,"minecraft:stick":126,"minecraft:composter":3,"minecraft:torch":33,"minecraft:porkchop":15,"minecraft:snow_block":24,"minecraft:golden_axe":1,"minecraft:cherry_log":220,"minecraft:pointed_dripstone":1,"minecraft:diorite":3,"minecraft:warped_planks":64,"minecraft:stone_sword":2,"minecraft:rotten_flesh":129,"minecraft:white_terracotta":4,"minecraft:blaze_rod":32,"minecraft:obsidian":5,"minecraft:cobblestone":513,"minecraft:birch_log":6,"minecraft:feather":39,"minecraft:cooked_beef":4,"minecraft:water_bucket":5,"minecraft:brown_wool":1,"minecraft:golden_leggings":1,"minecraft:smoker":2,"minecraft:potato":1,"minecraft:dirt":245,"minecraft:lapis_lazuli":39,"minecraft:bone":58,"minecraft:bow":5,"minecraft:wheat_seeds":64,"minecraft:raw_gold":9,"minecraft:bell":4,"minecraft:diamond_helmet":6,"minecraft:glowstone_dust":6,"minecraft:stone_hoe":1,"minecraft:oak_planks":20,"minecraft:cooked_porkchop":4,"minecraft:warped_wart_block":3,"minecraft:grass_block":3,"minecraft:shulker_box":10,"minecraft:diamond":2,"minecraft:spruce_boat":2,"minecraft:granite":185,"minecraft:bread":63,"minecraft:oak_sapling":2,"minecraft:cherry_slab":70,"minecraft:netherrack":123,"minecraft:diamond_pickaxe":7,"minecraft:crafting_table":12,"minecraft:chicken":7,"minecraft:packed_ice":192,"minecraft:wooden_pickaxe":2,"minecraft:shield":9,"minecraft:oak_trapdoor":8,"minecraft:flint_and_steel":2,"minecraft:wooden_sword":2,"minecraft:snow":15,"minecraft:blackstone":6,"minecraft:beef":22,"minecraft:oak_boat":29,"minecraft:poppy":5,"minecraft:light_gray_wool":10,"minecraft:sugar_cane":7,"minecraft:phantom_membrane":1,"minecraft:raw_iron":77,"minecraft:oak_door":15,"minecraft:fire_charge":3,"minecraft:carrot":204,"minecraft:redstone":6,"minecraft:arrow":124,"minecraft:diamond_chestplate":6,"minecraft:diamond_boots":7,"minecraft:deepslate_bricks":67,"minecraft:hay_block":114,"minecraft:gold_ingot":28,"minecraft:mutton":212,"minecraft:white_wool":153,"minecraft:clock":3,"minecraft:leather":9,"minecraft:birch_planks":2,"minecraft:oak_log":153,"minecraft:yellow_bed":20,"minecraft:gunpowder":27,"minecraft:blue_bed":1,"minecraft:cooked_mutton":16,"minecraft:kelp":384,"minecraft:warped_stem":25,"minecraft:iron_ingot":82,"minecraft:cooked_chicken":2,"minecraft:glass_bottle":2,"minecraft:iron_sword":1,"minecraft:warped_fungus":3,"minecraft:birch_boat":6,"minecraft:sweet_berries":13,"minecraft:quartz":9,"minecraft:dripstone_block":69,"minecraft:white_bed":11,"minecraft:spider_eye":22,"minecraft:diamond_shovel":14,"minecraft:stone_axe":3,"minecraft:iron_helmet":2,"minecraft:diamond_axe":7,"minecraft:cherry_sapling":41,"minecraft:gray_wool":6,"minecraft:warped_roots":17,"minecraft:baked_potato":83,"minecraft:black_wool":4,"minecraft:warped_nylium":2,"minecraft:coal":137,"minecraft:ender_pearl":629},"minecraft:dropped":{"minecraft:iron_sword":2,"minecraft:diamond_axe":1,"minecraft:ender_pearl":11,"minecraft:glass_bottle":2,"minecraft:dirt":9,"minecraft:packed_ice":64,"minecraft:wooden_sword":3,"minecraft:phantom_membrane":1,"minecraft:white_wool":96,"minecraft:bone":1,"minecraft:oak_door":2,"minecraft:stone_axe":3,"minecraft:sugar_cane":7,"minecraft:iron_nugget":15,"minecraft:wheat":95,"minecraft:obsidian":4,"minecraft:pointed_dripstone":1,"minecraft:rotten_flesh":1,"minecraft:diamond_shovel":4,"minecraft:poppy":1,"minecraft:golden_boots":2,"minecraft:water_bucket":1,"minecraft:stone_hoe":1,"minecraft:wheat_seeds":5,"minecraft:diamond_leggings":1,"minecraft:cobblestone":11,"minecraft:book":5,"minecraft:granite":29,"minecraft:grass_block":2,"minecraft:coal":30,"minecraft:stick":7,"minecraft:torch":1,"minecraft:wooden_axe":4,"minecraft:rose_bush":1,"minecraft:string":9,"minecraft:stone_sword":1,"minecraft:light_gray_wool":5,"minecraft:filled_map":1,"minecraft:diamond_sword":1,"minecraft:shield":3,"minecraft:spruce_planks":20,"minecraft:golden_leggings":1,"minecraft:oak_boat":2,"minecraft:wooden_shovel":1,"minecraft:spider_eye":3,"minecraft:bow":1,"minecraft:stone_pickaxe":1,"minecraft:wooden_pickaxe":3,"minecraft:black_wool":1},"minecraft:killed_by":{"minecraft:blaze":1,"minecraft:zombie":2,"minecraft:player":1,"minecraft:spider":1,"minecraft:enderman":1,"minecraft:skeleton":1},"minecraft:crafted":{"minecraft:oak_planks":48,"minecraft:cooked_chicken":2,"minecraft:diamond_shovel":1,"minecraft:cooked_mutton":48,"minecraft:warped_planks":36,"minecraft:diamond_helmet":2,"minecraft:diamond_leggings":3,"minecraft:bow":3,"minecraft:iron_boots":1,"minecraft:cooked_porkchop":4,"minecraft:diamond_axe":1,"minecraft:crafting_table":5,"minecraft:spruce_planks":24,"minecraft:wooden_pickaxe":1,"minecraft:baked_potato":38,"minecraft:iron_helmet":1,"minecraft:birch_planks":24,"minecraft:iron_chestplate":1,"minecraft:diamond_pickaxe":2,"minecraft:shield":5,"minecraft:stick":48,"minecraft:iron_ingot":73,"minecraft:iron_pickaxe":2,"minecraft:stone_sword":1,"minecraft:gold_ingot":9,"minecraft:composter":1,"minecraft:cherry_planks":20,"minecraft:wooden_sword":1,"minecraft:oak_door":3,"minecraft:furnace":1,"minecraft:stone_pickaxe":1,"minecraft:diamond_boots":2,"minecraft:spruce_boat":1,"minecraft:wheat":320,"minecraft:cooked_beef":5,"minecraft:diamond_sword":2,"minecraft:iron_sword":1,"minecraft:bucket":2,"minecraft:stone_axe":1,"minecraft:bread":64,"minecraft:air":0,"minecraft:oak_boat":1,"minecraft:wooden_axe":1,"minecraft:iron_leggings":1,"minecraft:torch":16,"minecraft:diamond_chestplate":2}},"DataVersion":3953}