{"stats":{"minecraft:killed_by":{"minecraft:skeleton":1,"minecraft:creeper":1,"minecraft:zombie":4},"minecraft:custom":{"minecraft:time_since_rest":356,"minecraft:sprint_one_cm":119361,"minecraft:damage_taken":1985,"minecraft:walk_one_cm":73939,"minecraft:mob_kills":3,"minecraft:damage_dealt":931,"minecraft:swim_one_cm":100073,"minecraft:interact_with_crafting_table":2,"minecraft:fly_one_cm":32394,"minecraft:crouch_one_cm":209,"minecraft:play_time":29929,"minecraft:deaths":6,"minecraft:sneak_time":234,"minecraft:walk_under_water_one_cm":3859,"minecraft:boat_one_cm":185894,"minecraft:jump":256,"minecraft:leave_game":1,"minecraft:walk_on_water_one_cm":12710,"minecraft:time_since_death":51,"minecraft:climb_one_cm":1042,"minecraft:total_world_time":29929,"minecraft:fall_one_cm":10495},"minecraft:crafted":{"minecraft:oak_boat":2,"minecraft:oak_planks":16},"minecraft:killed":{"minecraft:donkey":1,"minecraft:spider":1},"minecraft:used":{"minecraft:apple":1,"minecraft:oak_sapling":3,"minecraft:oak_boat":3,"minecraft:cooked_beef":2},"minecraft:mined":{"minecraft:seagrass":1,"minecraft:tall_seagrass":2,"minecraft:kelp_plant":62,"minecraft:short_grass":52,"minecraft:oak_log":4,"minecraft:tall_grass":3,"minecraft:kelp":6,"minecraft:oxeye_daisy":1,"minecraft:oak_leaves":13},"minecraft:picked_up":{"minecraft:cooked_beef":5,"minecraft:leather":1,"minecraft:oak_log":4,"minecraft:string":1,"minecraft:apple":2,"minecraft:kelp":65,"minecraft:wheat_seeds":6,"minecraft:oak_boat":3,"minecraft:poppy":1,"minecraft:oak_sapling":4,"minecraft:oxeye_daisy":1}},"DataVersion":3953}