{"stats":{"minecraft:killed":{"minecraft:sheep":8,"minecraft:zombie":1,"minecraft:cow":1},"minecraft:used":{"minecraft:beetroot":1,"minecraft:cooked_mutton":2,"minecraft:birch_planks":22,"minecraft:mangrove_planks":16,"minecraft:oak_planks":104,"minecraft:wooden_pickaxe":25,"minecraft:sand":1,"minecraft:dirt":61,"minecraft:mutton":2,"minecraft:crafting_table":7,"minecraft:carrot":5,"minecraft:white_bed":1,"minecraft:oak_log":46,"minecraft:wooden_axe":103,"minecraft:bread":18,"minecraft:stone_axe":7,"minecraft:wooden_sword":50,"minecraft:cobblestone":1,"minecraft:beef":1,"minecraft:mangrove_roots":59,"minecraft:furnace":1,"minecraft:birch_log":30,"minecraft:yellow_bed":1,"minecraft:egg":2,"minecraft:potato":5},"minecraft:mined":{"minecraft:white_bed":2,"minecraft:mangrove_roots":2,"minecraft:crafting_table":6,"minecraft:short_grass":60,"minecraft:grass_block":10,"minecraft:chest":1,"minecraft:cobblestone":1,"minecraft:tall_grass":2,"minecraft:sugar_cane":1,"minecraft:oak_planks":24,"minecraft:hay_block":19,"minecraft:birch_planks":2,"minecraft:furnace":1,"minecraft:carrots":8,"minecraft:birch_log":9,"minecraft:wheat":21,"minecraft:pumpkin":3,"minecraft:yellow_bed":2,"minecraft:azure_bluet":1,"minecraft:potatoes":6,"minecraft:oak_log":35,"minecraft:dirt_path":2,"minecraft:beetroots":1,"minecraft:vine":2,"minecraft:sand":4,"minecraft:dirt":4,"minecraft:stone":23,"minecraft:oak_leaves":1},"minecraft:custom":{"minecraft:interact_with_furnace":2,"minecraft:mob_kills":10,"minecraft:interact_with_crafting_table":17,"minecraft:bell_ring":43,"minecraft:interact_with_stonecutter":1,"minecraft:leave_game":3,"minecraft:time_since_death":873,"minecraft:sleep_in_bed":16,"minecraft:climb_one_cm":7685,"minecraft:time_since_rest":922,"minecraft:sprint_one_cm":533764,"minecraft:damage_taken":8450,"minecraft:walk_one_cm":208970,"minecraft:drop":16,"minecraft:damage_dealt":1462,"minecraft:swim_one_cm":161182,"minecraft:talked_to_villager":3,"minecraft:fly_one_cm":312808,"minecraft:player_kills":1,"minecraft:open_chest":9,"minecraft:crouch_one_cm":688,"minecraft:play_time":138276,"minecraft:deaths":19,"minecraft:sneak_time":398,"minecraft:walk_under_water_one_cm":21901,"minecraft:jump":2232,"minecraft:walk_on_water_one_cm":99994,"minecraft:total_world_time":138276,"minecraft:fall_one_cm":98516},"minecraft:picked_up":{"minecraft:birch_log":39,"minecraft:crafting_table":6,"minecraft:wheat":2,"minecraft:potato":14,"minecraft:birch_planks":2,"minecraft:oak_log":97,"minecraft:yellow_bed":2,"minecraft:string":2,"minecraft:dirt":109,"minecraft:moss_carpet":8,"minecraft:bone":4,"minecraft:beetroot":1,"minecraft:apple":3,"minecraft:bow":1,"minecraft:wheat_seeds":29,"minecraft:stone_pickaxe":2,"minecraft:beef":1,"minecraft:iron_ingot":4,"minecraft:wooden_shovel":1,"minecraft:mangrove_planks":18,"minecraft:sugar_cane":2,"minecraft:chest":2,"minecraft:birch_sapling":21,"minecraft:oak_planks":25,"minecraft:mangrove_log":6,"minecraft:egg":2,"minecraft:furnace":1,"minecraft:stick":84,"minecraft:birch_boat":1,"minecraft:pumpkin":6,"minecraft:fire_charge":1,"minecraft:sand":3,"minecraft:white_bed":2,"minecraft:carrot":15,"minecraft:rotten_flesh":6,"minecraft:stone_shovel":2,"minecraft:arrow":2,"minecraft:stone_axe":9,"minecraft:beetroot_seeds":3,"minecraft:hay_block":18,"minecraft:mangrove_roots":61,"minecraft:oak_sapling":7,"minecraft:black_wool":1,"minecraft:mutton":13,"minecraft:mangrove_propagule":4,"minecraft:white_wool":7,"minecraft:cobblestone":24,"minecraft:ender_pearl":1},"minecraft:dropped":{"minecraft:moss_carpet":1,"minecraft:wheat_seeds":22,"minecraft:wheat":1,"minecraft:rotten_flesh":3,"minecraft:cobblestone":4,"minecraft:stick":3,"minecraft:light_weighted_pressure_plate":1,"minecraft:dirt":17,"minecraft:wooden_axe":1,"minecraft:beetroot_seeds":3,"minecraft:yellow_bed":1,"minecraft:pumpkin":6,"minecraft:fire_charge":1},"minecraft:killed_by":{"minecraft:player":2,"minecraft:skeleton":5,"minecraft:creeper":2,"minecraft:zombie":2,"minecraft:iron_golem":1},"minecraft:crafted":{"minecraft:wooden_sword":3,"minecraft:oak_planks":172,"minecraft:crafting_table":5,"minecraft:wooden_pickaxe":3,"minecraft:furnace":2,"minecraft:mangrove_planks":8,"minecraft:birch_planks":20,"minecraft:bread":31,"minecraft:cooked_mutton":5,"minecraft:stick":24,"minecraft:wooden_axe":3,"minecraft:oak_button":1,"minecraft:white_bed":1,"minecraft:wheat":153}},"DataVersion":3953}