{"stats":{"minecraft:used":{"minecraft:cherry_sapling":25,"minecraft:stone_sword":20,"minecraft:iron_shovel":741,"minecraft:elytra":1,"minecraft:chest":17,"minecraft:spruce_planks":3,"minecraft:shield":39,"minecraft:cooked_chicken":3,"minecraft:stone_hoe":332,"minecraft:netherrack":2,"minecraft:torch":2,"minecraft:dirt":2843,"minecraft:warped_wart_block":1,"minecraft:twisting_vines":2,"minecraft:shulker_box":1,"minecraft:carrot":791,"minecraft:diamond_helmet":1,"minecraft:oak_fence_gate":3,"minecraft:spruce_boat":2,"minecraft:grass_block":1,"minecraft:warped_nylium":1,"minecraft:diamond_chestplate":1,"minecraft:golden_carrot":20,"minecraft:bow":258,"minecraft:oak_sapling":2,"minecraft:egg":1,"minecraft:cooked_beef":13,"minecraft:cooked_mutton":14,"minecraft:mossy_stone_bricks":3,"minecraft:water_bucket":17,"minecraft:oak_planks":2,"minecraft:blackstone":1,"minecraft:ender_pearl":1,"minecraft:diamond_axe":1014,"minecraft:fletching_table":6,"minecraft:cobblestone_slab":2,"minecraft:cracked_stone_bricks":1,"minecraft:crafting_table":10,"minecraft:blast_furnace":1,"minecraft:smoker":9,"minecraft:diamond_pickaxe":1006,"minecraft:firework_rocket":1,"minecraft:diamond_shovel":3781,"minecraft:wind_charge":1,"minecraft:chicken":1,"minecraft:bread":3,"minecraft:string":2,"minecraft:iron_door":1,"minecraft:cobblestone":75,"minecraft:porkchop":1,"minecraft:cooked_porkchop":17,"minecraft:bucket":18,"minecraft:yellow_bed":1,"minecraft:oak_boat":8,"minecraft:dandelion":1,"minecraft:bone_meal":140},"minecraft:killed":{"minecraft:spider":11,"minecraft:phantom":8,"minecraft:skeleton":17,"minecraft:chicken":4,"minecraft:drowned":2,"minecraft:piglin_brute":4,"minecraft:skeleton_horse":1,"minecraft:magma_cube":19,"minecraft:piglin":4,"minecraft:pig":20,"minecraft:zombie_villager":2,"minecraft:iron_golem":1,"minecraft:creeper":5,"minecraft:zombie":31,"minecraft:donkey":1,"minecraft:blaze":22,"minecraft:enderman":2,"minecraft:wither_skeleton":19,"minecraft:cow":11},"minecraft:mined":{"minecraft:nether_gold_ore":14,"minecraft:farmland":18,"minecraft:deepslate_diamond_ore":2,"minecraft:cherry_log":419,"minecraft:granite":6,"minecraft:shulker_box":1,"minecraft:end_stone":21,"minecraft:nether_bricks":17,"minecraft:grass_block":1402,"minecraft:cracked_polished_blackstone_bricks":19,"minecraft:spruce_leaves":2,"minecraft:polished_blackstone_bricks":29,"minecraft:carrots":471,"minecraft:fire":15,"minecraft:cobbled_deepslate":10,"minecraft:andesite":5,"minecraft:fletching_table":4,"minecraft:gold_block":1,"minecraft:bookshelf":161,"minecraft:cobblestone_slab":1,"minecraft:dirt_path":185,"minecraft:lantern":5,"minecraft:stone":574,"minecraft:cherry_planks":1,"minecraft:blackstone":199,"minecraft:twisting_vines_plant":5,"minecraft:smoker":9,"minecraft:basalt":9,"minecraft:dandelion":2,"minecraft:oak_fence":15,"minecraft:crafting_table":7,"minecraft:torch":3,"minecraft:short_grass":64,"minecraft:blast_furnace":1,"minecraft:warped_roots":2,"minecraft:chest":7,"minecraft:copper_ore":5,"minecraft:tall_grass":3,"minecraft:cobblestone":16,"minecraft:polished_blackstone_brick_stairs":1,"minecraft:oak_planks":6,"minecraft:diorite":11,"minecraft:iron_door":1,"minecraft:wall_torch":1,"minecraft:warped_wart_block":1,"minecraft:pink_petals":1,"minecraft:mud":1,"minecraft:spruce_log":7,"minecraft:mangrove_leaves":5,"minecraft:coal_ore":2,"minecraft:oak_log":34,"minecraft:deepslate":1,"minecraft:oak_fence_gate":6,"minecraft:cherry_leaves":49,"minecraft:gravel":75,"minecraft:dirt":2906,"minecraft:cracked_stone_bricks":1,"minecraft:netherrack":27,"minecraft:mossy_stone_bricks":3,"minecraft:oak_leaves":6,"minecraft:fern":1},"minecraft:picked_up":{"minecraft:mud":1,"minecraft:crafting_table":10,"minecraft:chicken":10,"minecraft:enchanted_book":2,"minecraft:gold_block":4,"minecraft:shield":14,"minecraft:polished_blackstone_brick_stairs":1,"minecraft:string":28,"minecraft:elytra":2,"minecraft:raw_copper":13,"minecraft:smooth_stone_slab":1,"minecraft:blackstone":198,"minecraft:cracked_stone_bricks":1,"minecraft:diamond_leggings":3,"minecraft:gold_nugget":124,"minecraft:cobbled_deepslate":36,"minecraft:beef":50,"minecraft:oak_boat":12,"minecraft:cobblestone_slab":12,"minecraft:poppy":6,"minecraft:lectern":1,"minecraft:coal_block":4,"minecraft:sugar_cane":3,"minecraft:chest":9,"minecraft:phantom_membrane":7,"minecraft:egg":1,"minecraft:stick":293,"minecraft:end_stone":69,"minecraft:oak_door":4,"minecraft:composter":8,"minecraft:oak_fence":65,"minecraft:torch":23,"minecraft:porkchop":71,"minecraft:polished_blackstone_bricks":87,"minecraft:cherry_log":729,"minecraft:diorite":11,"minecraft:carrot":1289,"minecraft:redstone":8,"minecraft:golden_chestplate":1,"minecraft:diamond_chestplate":3,"minecraft:rotten_flesh":65,"minecraft:stone_sword":8,"minecraft:arrow":398,"minecraft:nether_bricks":84,"minecraft:diamond_boots":1,"minecraft:blaze_rod":14,"minecraft:obsidian":12,"minecraft:blaze_powder":10,"minecraft:cobblestone":1209,"minecraft:pink_petals":4,"minecraft:cooked_beef":45,"minecraft:feather":6,"minecraft:basalt":20,"minecraft:golden_carrot":32,"minecraft:magma_cream":1,"minecraft:cherry_planks":60,"minecraft:iron_door":1,"minecraft:water_bucket":1,"minecraft:andesite":16,"minecraft:leather":28,"minecraft:golden_leggings":6,"minecraft:potato":1,"minecraft:smoker":10,"minecraft:flint":8,"minecraft:oak_log":33,"minecraft:golden_boots":4,"minecraft:yellow_bed":1,"minecraft:gunpowder":11,"minecraft:lapis_lazuli":9,"minecraft:dirt":5385,"minecraft:lantern":15,"minecraft:twisting_vines":22,"minecraft:cooked_mutton":13,"minecraft:bone":46,"minecraft:apple":2,"minecraft:stone_bricks":1,"minecraft:bow":7,"minecraft:wheat_seeds":112,"minecraft:oak_fence_gate":16,"minecraft:iron_ingot":121,"minecraft:diamond_helmet":3,"minecraft:mossy_stone_bricks":3,"minecraft:fletching_table":4,"minecraft:glass_bottle":2,"minecraft:oak_planks":35,"minecraft:stone_hoe":2,"minecraft:book":680,"minecraft:cooked_porkchop":45,"minecraft:warped_wart_block":1,"minecraft:dandelion":21,"minecraft:gravel":198,"minecraft:grass_block":1,"minecraft:spruce_log":10,"minecraft:crying_obsidian":14,"minecraft:spider_eye":12,"minecraft:shulker_box":1,"minecraft:firework_rocket":13,"minecraft:diamond_shovel":8,"minecraft:granite":6,"minecraft:bread":28,"minecraft:diamond":14,"minecraft:spruce_boat":3,"minecraft:cracked_polished_blackstone_bricks":18,"minecraft:crossbow":1,"minecraft:diamond_axe":3,"minecraft:cherry_sapling":197,"minecraft:bone_meal":59,"minecraft:emerald":53,"minecraft:warped_roots":4,"minecraft:piglin_banner_pattern":2,"minecraft:oak_sapling":3,"minecraft:warped_nylium":1,"minecraft:netherrack":53,"minecraft:coal":22,"minecraft:diamond_pickaxe":3,"minecraft:ender_pearl":2},"minecraft:broken":{"minecraft:iron_shovel":3,"minecraft:stone_hoe":2,"minecraft:diamond_shovel":2},"minecraft:dropped":{"minecraft:stone_hoe":1,"minecraft:wheat_seeds":27,"minecraft:cherry_log":128,"minecraft:diamond":1,"minecraft:cooked_porkchop":28,"minecraft:oak_fence":13,"minecraft:feather":1,"minecraft:cobblestone":64,"minecraft:warped_roots":4,"minecraft:stick":128,"minecraft:gold_block":1,"minecraft:cracked_polished_blackstone_bricks":2,"minecraft:polished_blackstone_brick_stairs":1,"minecraft:torch":5,"minecraft:cherry_planks":54,"minecraft:gold_nugget":23,"minecraft:dandelion":9,"minecraft:blackstone":194,"minecraft:raw_copper":2,"minecraft:blaze_rod":2,"minecraft:obsidian":4,"minecraft:chicken":2,"minecraft:rotten_flesh":22,"minecraft:oak_planks":5,"minecraft:diamond_shovel":2,"minecraft:end_stone":23,"minecraft:nether_bricks":17,"minecraft:carrot":521,"minecraft:oak_fence_gate":4,"minecraft:shield":3,"minecraft:golden_leggings":2,"minecraft:oak_boat":1,"minecraft:spider_eye":1,"minecraft:basalt":2,"minecraft:arrow":129,"minecraft:magma_cream":1,"minecraft:netherrack":7,"minecraft:lectern":1},"minecraft:custom":{"minecraft:mob_kills":190,"minecraft:interact_with_anvil":8,"minecraft:inspect_hopper":9,"minecraft:interact_with_crafting_table":55,"minecraft:open_shulker_box":10,"minecraft:leave_game":4,"minecraft:time_since_death":11046,"minecraft:climb_one_cm":5876,"minecraft:sprint_one_cm":1333885,"minecraft:walk_one_cm":1479634,"minecraft:damage_blocked_by_shield":2028,"minecraft:drop":143,"minecraft:talked_to_villager":30,"minecraft:play_time":410055,"minecraft:deaths":4,"minecraft:sneak_time":13064,"minecraft:walk_under_water_one_cm":7536,"minecraft:boat_one_cm":161513,"minecraft:jump":8030,"minecraft:interact_with_blast_furnace":5,"minecraft:walk_on_water_one_cm":44542,"minecraft:enchant_item":17,"minecraft:total_world_time":410055,"minecraft:interact_with_furnace":18,"minecraft:traded_with_villager":99,"minecraft:interact_with_loom":1,"minecraft:sleep_in_bed":8,"minecraft:time_since_rest":11599,"minecraft:open_enderchest":2,"minecraft:damage_taken":7701,"minecraft:damage_dealt":21737,"minecraft:swim_one_cm":96861,"minecraft:fly_one_cm":1705781,"minecraft:open_chest":320,"minecraft:crouch_one_cm":36045,"minecraft:aviate_one_cm":49481,"minecraft:interact_with_smoker":11,"minecraft:fall_one_cm":176408},"minecraft:killed_by":{"minecraft:creeper":1,"minecraft:skeleton":1,"minecraft:witch":1},"minecraft:crafted":{"minecraft:golden_carrot":8,"minecraft:cherry_planks":1016,"minecraft:oak_planks":112,"minecraft:cobblestone_slab":6,"minecraft:blaze_powder":10,"minecraft:cooked_chicken":3,"minecraft:furnace":1,"minecraft:bone_meal":81,"minecraft:diamond_shovel":8,"minecraft:cooked_mutton":9,"minecraft:diamond_helmet":2,"minecraft:bow":1,"minecraft:diamond_leggings":2,"minecraft:chest":8,"minecraft:diamond_boots":2,"minecraft:spruce_boat":1,"minecraft:stone_hoe":3,"minecraft:smoker":1,"minecraft:cooked_beef":13,"minecraft:arrow":512,"minecraft:emerald":68,"minecraft:diamond_axe":1,"minecraft:crafting_table":4,"minecraft:spruce_planks":28,"minecraft:fletching_table":2,"minecraft:bucket":1,"minecraft:air":0,"minecraft:oak_boat":2,"minecraft:diamond_pickaxe":1,"minecraft:shield":2,"minecraft:stick":2096,"minecraft:iron_shovel":3,"minecraft:diamond_chestplate":2}},"DataVersion":3953}