{"stats":{"minecraft:picked_up":{"minecraft:stick":1,"minecraft:kelp":5,"minecraft:birch_planks":1,"minecraft:sand":9,"minecraft:oak_sapling":1,"minecraft:mangrove_planks":2,"minecraft:dirt":2},"minecraft:mined":{"minecraft:seagrass":1,"minecraft:grass_block":1,"minecraft:birch_planks":1,"minecraft:sand":9,"minecraft:dirt":1,"minecraft:kelp_plant":1,"minecraft:kelp":7,"minecraft:mangrove_planks":2,"minecraft:oak_leaves":2},"minecraft:used":{"minecraft:sand":2,"minecraft:birch_planks":1,"minecraft:mangrove_planks":2},"minecraft:killed_by":{"minecraft:skeleton":2},"minecraft:custom":{"minecraft:time_since_rest":4621,"minecraft:play_time":8457,"minecraft:sprint_one_cm":44037,"minecraft:deaths":2,"minecraft:damage_taken":685,"minecraft:walk_one_cm":11084,"minecraft:sneak_time":65,"minecraft:walk_under_water_one_cm":5282,"minecraft:jump":227,"minecraft:damage_dealt":18,"minecraft:leave_game":1,"minecraft:walk_on_water_one_cm":8125,"minecraft:time_since_death":4595,"minecraft:climb_one_cm":788,"minecraft:total_world_time":8457,"minecraft:swim_one_cm":17109,"minecraft:interact_with_crafting_table":1,"minecraft:fall_one_cm":10906,"minecraft:fly_one_cm":38296}},"DataVersion":3953}