{"stats":{"minecraft:picked_up":{"minecraft:stick":1,"minecraft:feather":3,"minecraft:chicken":3,"minecraft:birch_planks":1,"minecraft:sand":9,"minecraft:dirt":2,"minecraft:kelp":6,"minecraft:wheat_seeds":4,"minecraft:oak_sapling":1,"minecraft:mangrove_planks":2,"minecraft:mutton":2,"minecraft:white_wool":2},"minecraft:mined":{"minecraft:seagrass":1,"minecraft:birch_planks":1,"minecraft:kelp_plant":1,"minecraft:mangrove_planks":2,"minecraft:short_grass":44,"minecraft:grass_block":1,"minecraft:sand":9,"minecraft:dirt":1,"minecraft:kelp":8,"minecraft:oak_leaves":2},"minecraft:used":{"minecraft:birch_planks":1,"minecraft:chicken":2,"minecraft:mangrove_planks":2,"minecraft:sand":9,"minecraft:mutton":2},"minecraft:killed_by":{"minecraft:skeleton":2},"minecraft:custom":{"minecraft:time_since_rest":11466,"minecraft:sprint_one_cm":57884,"minecraft:damage_taken":825,"minecraft:walk_one_cm":25531,"minecraft:mob_kills":5,"minecraft:damage_dealt":335,"minecraft:swim_one_cm":34011,"minecraft:interact_with_crafting_table":1,"minecraft:fly_one_cm":59378,"minecraft:open_chest":3,"minecraft:play_time":15302,"minecraft:deaths":2,"minecraft:sneak_time":393,"minecraft:walk_under_water_one_cm":17339,"minecraft:jump":424,"minecraft:leave_game":2,"minecraft:time_since_death":11440,"minecraft:walk_on_water_one_cm":13202,"minecraft:total_world_time":15302,"minecraft:climb_one_cm":788,"minecraft:fall_one_cm":16748},"minecraft:killed":{"minecraft:sheep":2,"minecraft:chicken":3}},"DataVersion":3953}