{"stats":{"minecraft:picked_up":{"minecraft:sand":2,"minecraft:dirt":1},"minecraft:mined":{"minecraft:dirt":1,"minecraft:sand":2},"minecraft:used":{"minecraft:sand":2},"minecraft:killed_by":{"minecraft:skeleton":1},"minecraft:custom":{"minecraft:jump":61,"minecraft:time_since_rest":1152,"minecraft:leave_game":1,"minecraft:deaths":1,"minecraft:walk_on_water_one_cm":1959,"minecraft:sprint_one_cm":13339,"minecraft:play_time":2519,"minecraft:damage_taken":515,"minecraft:time_since_death":1124,"minecraft:walk_one_cm":4516,"minecraft:climb_one_cm":608,"minecraft:total_world_time":2519,"minecraft:walk_under_water_one_cm":422,"minecraft:swim_one_cm":1703,"minecraft:fall_one_cm":2681,"minecraft:fly_one_cm":7053}},"DataVersion":3953}