{"stats":{"minecraft:crafted":{"minecraft:oak_planks":8,"minecraft:iron_chestplate":1,"minecraft:crafting_table":1},"minecraft:picked_up":{"minecraft:stick":1,"minecraft:crafting_table":1,"minecraft:feather":3,"minecraft:chicken":3,"minecraft:birch_planks":1,"minecraft:sand":10,"minecraft:oak_log":4,"minecraft:dirt":2,"minecraft:tropical_fish":1,"minecraft:kelp":6,"minecraft:wheat_seeds":4,"minecraft:bone_meal":1,"minecraft:oak_sapling":1,"minecraft:mangrove_planks":2,"minecraft:mutton":2,"minecraft:cod":1,"minecraft:white_wool":2},"minecraft:used":{"minecraft:oak_log":2,"minecraft:tropical_fish":1,"minecraft:birch_planks":1,"minecraft:chicken":3,"minecraft:mangrove_planks":2,"minecraft:iron_chestplate":1,"minecraft:sand":9,"minecraft:mutton":2,"minecraft:crafting_table":1,"minecraft:cod":1},"minecraft:custom":{"minecraft:time_since_rest":169,"minecraft:sprint_one_cm":69101,"minecraft:damage_taken":863,"minecraft:walk_one_cm":29133,"minecraft:mob_kills":7,"minecraft:drop":1,"minecraft:damage_dealt":415,"minecraft:swim_one_cm":69645,"minecraft:interact_with_crafting_table":3,"minecraft:fly_one_cm":61474,"minecraft:open_chest":3,"minecraft:play_time":20789,"minecraft:deaths":3,"minecraft:sneak_time":393,"minecraft:walk_under_water_one_cm":25051,"minecraft:jump":441,"minecraft:leave_game":3,"minecraft:walk_on_water_one_cm":22841,"minecraft:time_since_death":104,"minecraft:climb_one_cm":788,"minecraft:total_world_time":20789,"minecraft:fall_one_cm":16957},"minecraft:mined":{"minecraft:seagrass":1,"minecraft:birch_planks":1,"minecraft:kelp_plant":1,"minecraft:mangrove_planks":2,"minecraft:crafting_table":1,"minecraft:short_grass":44,"minecraft:grass_block":1,"minecraft:oak_log":4,"minecraft:sand":10,"minecraft:dirt":1,"minecraft:kelp":8,"minecraft:oak_leaves":2},"minecraft:killed_by":{"minecraft:drowned":1,"minecraft:skeleton":2},"minecraft:dropped":{"minecraft:stick":1},"minecraft:killed":{"minecraft:sheep":2,"minecraft:chicken":3,"minecraft:cod":1,"minecraft:tropical_fish":1}},"DataVersion":3953}