{"stats":{"minecraft:killed":{"minecraft:spider":7,"minecraft:skeleton":1,"minecraft:zombie_villager":1,"minecraft:zombie":12},"minecraft:used":{"minecraft:cherry_boat":2,"minecraft:oak_trapdoor":27,"minecraft:ladder":3,"minecraft:chest":1,"minecraft:shield":27,"minecraft:cooked_chicken":3,"minecraft:rotten_flesh":1,"minecraft:iron_chestplate":1,"minecraft:torch":2,"minecraft:dragon_egg":2,"minecraft:dirt":925,"minecraft:carrot":36,"minecraft:diamond_helmet":1,"minecraft:iron_axe":2,"minecraft:lantern":5,"minecraft:cherry_trapdoor":14,"minecraft:iron_helmet":1,"minecraft:iron_boots":1,"minecraft:barrel":9,"minecraft:smooth_basalt":7,"minecraft:diamond_chestplate":4,"minecraft:furnace":2,"minecraft:oak_sapling":1,"minecraft:cooked_beef":2,"minecraft:cherry_log":2,"minecraft:iron_leggings":1,"minecraft:diamond_boots":2,"minecraft:birch_boat":1,"minecraft:cherry_planks":2,"minecraft:diamond_axe":128,"minecraft:deepslate_bricks":3,"minecraft:crafting_table":6,"minecraft:birch_sign":6,"minecraft:white_bed":12,"minecraft:deepslate_brick_stairs":13,"minecraft:purple_stained_glass":8,"minecraft:diamond_pickaxe":358,"minecraft:diamond_shovel":482,"minecraft:melon_slice":4,"minecraft:diamond_sword":35,"minecraft:cooked_porkchop":2,"minecraft:oak_boat":1,"minecraft:bone_meal":7,"minecraft:diamond_leggings":2},"minecraft:mined":{"minecraft:tuff":1,"minecraft:white_bed":12,"minecraft:mossy_cobblestone":2,"minecraft:deepslate_diamond_ore":1,"minecraft:cherry_log":26,"minecraft:end_stone":15,"minecraft:ladder":2,"minecraft:cherry_trapdoor":6,"minecraft:granite":21,"minecraft:grass_block":82,"minecraft:deepslate_bricks":3,"minecraft:tuff_bricks":9,"minecraft:oak_trapdoor":25,"minecraft:furnace":3,"minecraft:barrel":9,"minecraft:andesite":34,"minecraft:pointed_dripstone":8,"minecraft:deepslate_iron_ore":5,"minecraft:dirt_path":3,"minecraft:oak_stairs":2,"minecraft:lantern":2,"minecraft:deepslate_brick_stairs":9,"minecraft:stone":114,"minecraft:cherry_planks":2,"minecraft:torch":1,"minecraft:crafting_table":5,"minecraft:cornflower":2,"minecraft:short_grass":16,"minecraft:poppy":1,"minecraft:melon":1,"minecraft:tall_grass":2,"minecraft:cobblestone":4,"minecraft:copper_ore":7,"minecraft:sugar_cane":1,"minecraft:oak_planks":2,"minecraft:diorite":8,"minecraft:wall_torch":1,"minecraft:deepslate_copper_ore":1,"minecraft:birch_log":5,"minecraft:purple_stained_glass":4,"minecraft:coal_ore":3,"minecraft:oak_log":18,"minecraft:cherry_leaves":7,"minecraft:sand":8,"minecraft:dripstone_block":10,"minecraft:dirt":502,"minecraft:smooth_basalt":4,"minecraft:oak_leaves":16,"minecraft:deepslate":93},"minecraft:custom":{"minecraft:interact_with_smithing_table":4,"minecraft:mob_kills":21,"minecraft:interact_with_anvil":1,"minecraft:interact_with_crafting_table":37,"minecraft:open_barrel":23,"minecraft:open_shulker_box":12,"minecraft:leave_game":4,"minecraft:time_since_death":23392,"minecraft:climb_one_cm":6941,"minecraft:sprint_one_cm":314250,"minecraft:walk_one_cm":701122,"minecraft:damage_blocked_by_shield":1384,"minecraft:drop":39,"minecraft:play_time":282992,"minecraft:deaths":14,"minecraft:sneak_time":9682,"minecraft:walk_under_water_one_cm":52592,"minecraft:boat_one_cm":334683,"minecraft:jump":2175,"minecraft:interact_with_brewingstand":2,"minecraft:interact_with_blast_furnace":8,"minecraft:walk_on_water_one_cm":25597,"minecraft:total_world_time":282992,"minecraft:interact_with_furnace":15,"minecraft:sleep_in_bed":5,"minecraft:time_since_rest":23430,"minecraft:open_enderchest":1,"minecraft:damage_taken":6005,"minecraft:damage_dealt":4384,"minecraft:swim_one_cm":149045,"minecraft:fly_one_cm":329482,"minecraft:player_kills":1,"minecraft:open_chest":130,"minecraft:crouch_one_cm":24106,"minecraft:aviate_one_cm":2417,"minecraft:interact_with_smoker":22,"minecraft:fall_one_cm":45764},"minecraft:picked_up":{"minecraft:wooden_axe":3,"minecraft:crafting_table":5,"minecraft:ladder":6,"minecraft:wooden_pickaxe":1,"minecraft:diamond_sword":2,"minecraft:oak_stairs":2,"minecraft:enchanted_book":2,"minecraft:shield":1,"minecraft:soul_soil":15,"minecraft:oak_trapdoor":23,"minecraft:cornflower":2,"minecraft:string":10,"minecraft:elytra":1,"minecraft:wooden_sword":1,"minecraft:cherry_boat":2,"minecraft:diamond_leggings":2,"minecraft:cobbled_deepslate":93,"minecraft:oak_boat":1,"minecraft:wooden_shovel":1,"minecraft:poppy":2,"minecraft:melon_slice":4,"minecraft:sugar_cane":6,"minecraft:cherry_trapdoor":6,"minecraft:furnace":2,"minecraft:stick":38,"minecraft:raw_iron":5,"minecraft:oak_door":1,"minecraft:torch":4,"minecraft:cherry_log":25,"minecraft:pointed_dripstone":15,"minecraft:trident":1,"minecraft:carrot":44,"minecraft:rotten_flesh":35,"minecraft:diamond_chestplate":4,"minecraft:diamond_boots":2,"minecraft:deepslate_bricks":6,"minecraft:blue_dye":1,"minecraft:tuff_bricks":9,"minecraft:deepslate_brick_stairs":9,"minecraft:cobblestone":67,"minecraft:birch_log":5,"minecraft:purple_dye":2,"minecraft:feather":1,"minecraft:cooked_beef":2,"minecraft:cherry_planks":14,"minecraft:andesite":1,"minecraft:birch_planks":15,"minecraft:tuff":10,"minecraft:oak_log":19,"minecraft:golden_boots":2,"minecraft:gunpowder":2,"minecraft:dirt":574,"minecraft:paper":170,"minecraft:lantern":2,"minecraft:bone":3,"minecraft:bow":1,"minecraft:wheat_seeds":6,"minecraft:stone_pickaxe":1,"minecraft:cooked_chicken":2,"minecraft:diamond_helmet":2,"minecraft:glowstone_dust":3,"minecraft:oak_planks":2,"minecraft:stone_hoe":1,"minecraft:smooth_basalt":4,"minecraft:cooked_porkchop":18,"minecraft:dandelion":2,"minecraft:dripstone_block":10,"minecraft:sand":8,"minecraft:white_bed":12,"minecraft:crying_obsidian":5,"minecraft:barrel":6,"minecraft:spider_eye":9,"minecraft:dragon_egg":1,"minecraft:mossy_cobblestone":2,"minecraft:firework_rocket":15,"minecraft:diamond":1,"minecraft:stone_axe":3,"minecraft:diamond_axe":1,"minecraft:cherry_sapling":2,"minecraft:oak_sapling":1,"minecraft:cherry_slab":12,"minecraft:coal":8,"minecraft:diamond_pickaxe":1},"minecraft:dropped":{"minecraft:mossy_cobblestone":2,"minecraft:cobblestone":64,"minecraft:purple_dye":1,"minecraft:dirt":385,"minecraft:torch":1,"minecraft:cherry_planks":12,"minecraft:paper":100,"minecraft:string":4,"minecraft:dandelion":2,"minecraft:soul_soil":10,"minecraft:oak_trapdoor":4,"minecraft:tuff":5,"minecraft:cherry_sapling":1,"minecraft:cherry_slab":12,"minecraft:diamond_sword":1,"minecraft:gunpowder":2,"minecraft:diamond_chestplate":1,"minecraft:andesite":1,"minecraft:oak_boat":1,"minecraft:crying_obsidian":5},"minecraft:killed_by":{"minecraft:zombie_villager":1,"minecraft:creeper":2,"minecraft:polar_bear":1,"minecraft:skeleton":2,"minecraft:zombie":5},"minecraft:crafted":{"minecraft:cherry_planks":92,"minecraft:oak_planks":72,"minecraft:barrel":3,"minecraft:cherry_slab":6,"minecraft:birch_boat":1,"minecraft:cooked_chicken":1,"minecraft:cherry_boat":1,"minecraft:bone_meal":3,"minecraft:oak_trapdoor":10,"minecraft:deepslate_brick_stairs":4,"minecraft:cherry_trapdoor":8,"minecraft:glass":8,"minecraft:diamond_helmet":1,"minecraft:diamond_leggings":1,"minecraft:iron_boots":1,"minecraft:polished_deepslate":92,"minecraft:iron_axe":1,"minecraft:ladder":3,"minecraft:chest":1,"minecraft:diamond_boots":1,"minecraft:birch_sign":6,"minecraft:red_dye":1,"minecraft:oak_slab":6,"minecraft:diamond_sword":2,"minecraft:purple_stained_glass":8,"minecraft:cooked_porkchop":17,"minecraft:diamond_axe":2,"minecraft:crafting_table":3,"minecraft:iron_helmet":1,"minecraft:iron_sword":1,"minecraft:birch_planks":20,"minecraft:amethyst_block":1,"minecraft:air":0,"minecraft:blue_dye":2,"minecraft:oak_boat":1,"minecraft:iron_chestplate":1,"minecraft:diamond_pickaxe":2,"minecraft:purple_dye":2,"minecraft:shield":2,"minecraft:stick":64,"minecraft:iron_leggings":1,"minecraft:deepslate_bricks":92,"minecraft:diamond_chestplate":2,"minecraft:firework_rocket":15}},"DataVersion":3953}