{"stats":{"minecraft:killed_by":{"minecraft:iron_golem":2,"minecraft:zombie":1},"minecraft:custom":{"minecraft:time_since_rest":346,"minecraft:sprint_one_cm":133501,"minecraft:damage_taken":1283,"minecraft:walk_one_cm":57548,"minecraft:drop":8,"minecraft:damage_dealt":169,"minecraft:swim_one_cm":484,"minecraft:interact_with_crafting_table":3,"minecraft:fly_one_cm":202727,"minecraft:open_chest":7,"minecraft:crouch_one_cm":854,"minecraft:play_time":55057,"minecraft:deaths":3,"minecraft:bell_ring":3,"minecraft:sneak_time":254,"minecraft:walk_under_water_one_cm":455,"minecraft:boat_one_cm":96637,"minecraft:jump":822,"minecraft:leave_game":4,"minecraft:walk_on_water_one_cm":3339,"minecraft:time_since_death":25218,"minecraft:sleep_in_bed":5,"minecraft:climb_one_cm":1619,"minecraft:total_world_time":55057,"minecraft:fall_one_cm":23862},"minecraft:crafted":{"minecraft:wooden_sword":1,"minecraft:oak_boat":1,"minecraft:oak_planks":28,"minecraft:wooden_shovel":1,"minecraft:crafting_table":2,"minecraft:stick":8,"minecraft:wooden_pickaxe":1,"minecraft:wooden_axe":1,"minecraft:bread":102,"minecraft:wheat":306},"minecraft:used":{"minecraft:oak_log":1,"minecraft:wooden_axe":9,"minecraft:bread":4,"minecraft:melon_slice":14,"minecraft:golden_leggings":3,"minecraft:wooden_sword":4,"minecraft:dirt":3,"minecraft:sand":4,"minecraft:crafting_table":2,"minecraft:oak_boat":2,"minecraft:dandelion":1},"minecraft:dropped":{"minecraft:sugar_cane":2,"minecraft:wheat_seeds":6},"minecraft:mined":{"minecraft:hay_block":34,"minecraft:dandelion":1,"minecraft:short_grass":86,"minecraft:grass_block":3,"minecraft:oak_log":8,"minecraft:melon":6,"minecraft:vine":1,"minecraft:sand":4,"minecraft:tall_grass":13,"minecraft:sugar_cane":1,"minecraft:oak_leaves":9,"minecraft:fern":2},"minecraft:picked_up":{"minecraft:wooden_axe":2,"minecraft:stick":8,"minecraft:golden_leggings":2,"minecraft:dandelion":1,"minecraft:wooden_pickaxe":2,"minecraft:sand":4,"minecraft:oak_log":8,"minecraft:dirt":6,"minecraft:wooden_sword":2,"minecraft:wheat_seeds":6,"minecraft:hay_block":34,"minecraft:oak_boat":2,"minecraft:emerald":4,"minecraft:melon_slice":73,"minecraft:sugar_cane":2}},"DataVersion":3953}