{"stats":{"minecraft:used":{"minecraft:stone_axe":16,"minecraft:crafting_table":1,"minecraft:stone_shovel":361,"minecraft:birch_boat":1},"minecraft:broken":{"minecraft:stone_shovel":1,"minecraft:stone_axe":1},"minecraft:mined":{"minecraft:hay_block":17,"minecraft:short_grass":13,"minecraft:grass_block":162,"minecraft:dirt_path":28,"minecraft:dirt":128,"minecraft:birch_log":3,"minecraft:tall_grass":4},"minecraft:custom":{"minecraft:open_chest":5,"minecraft:time_since_rest":14869,"minecraft:crouch_one_cm":91,"minecraft:play_time":14869,"minecraft:sprint_one_cm":20156,"minecraft:damage_taken":81,"minecraft:walk_one_cm":48508,"minecraft:sneak_time":80,"minecraft:walk_under_water_one_cm":7825,"minecraft:boat_one_cm":95653,"minecraft:jump":77,"minecraft:leave_game":1,"minecraft:time_since_death":14869,"minecraft:walk_on_water_one_cm":9616,"minecraft:total_world_time":14869,"minecraft:fall_one_cm":836,"minecraft:interact_with_crafting_table":2,"minecraft:fly_one_cm":1608},"minecraft:picked_up":{"minecraft:birch_log":3,"minecraft:wheat_seeds":3,"minecraft:hay_block":17,"minecraft:dirt":296},"minecraft:crafted":{"minecraft:birch_planks":12,"minecraft:crafting_table":1,"minecraft:birch_boat":1}},"DataVersion":3953}